sample_index	sample_id	name	call_rate	primary_include	strict_include	latitude	longitude	geographic_metadata_available
0	88	CYR	0.82243816254416957	True	False	47.4	0.683333	True
1	108	LDV-18	0.92491166077738518	True	True	48.5167	-4.06667	True
2	139	LDV-46	0.86925795053003529	True	False	48.5167	-4.06667	True
3	159	MAR2-3	0.90724381625441697	True	True	47.35	3.93333	True
4	265	PYL-6	0.90547703180212014	True	True	44.65	-1.16667	True
5	350	TOU-A1-88	0.90194346289752647	True	True	46.6667	4.11667	True
6	351	TOU-A1-89	0.91961130742049468	True	True	46.6667	4.11667	True
7	403	Zdarec3	0.91696113074204944	True	True	49.3667	16.2667	True
8	410	Doubravnik7	0.85865724381625441	True	False	49.4211	16.3497	True
9	424	Draha2	0.89045936395759717	True	False	49.4112	16.2815	True
10	428	Borky1	0.84717314487632511	True	False	49.403	16.232	True
11	430	Gr-1	0.97968197879858654	True	True	47	15.5	True
12	470	BRR4	0.9946996466431095	True	True	40.8313	-87.735	True
13	476	BRR12	0.99646643109540634	True	True	40.8313	-87.735	True
14	484	BRR23	0.99558303886925792	True	True	40.8313	-87.735	True
15	504	BRR57	0.99028268551236753	True	True	40.8313	-87.735	True
16	506	BRR60	0.99823321554770317	True	True	40.8313	-87.735	True
17	531	BRR107	0.90812720848056538	True	True	40.8313	-87.735	True
18	544	LI-WP-039	1	True	True	40.9076	-73.2089	True
19	546	LI-WP-041	0.99911660777385158	True	True	40.9076	-73.2089	True
20	628	LI-OF-061	0.9885159010600707	True	True	40.7777	-72.9069	True
21	630	LI-OF-065	0.9257950530035336	True	True	40.7777	-72.9069	True
22	680	LI-RR-096	1	True	True	40.9447	-72.8615	True
23	681	LI-RR-097	1	True	True	40.9447	-72.8615	True
24	685	LI-EF-011	1	True	True	40.9064	-73.1493	True
25	687	LI-EF-018	0.99734982332155475	True	True	40.9064	-73.1493	True
26	728	LI-SET-019	0.99911660777385158	True	True	40.9352	-73.114	True
27	742	LI-SET-036	0.99734982332155475	True	True	40.9352	-73.114	True
28	763	Kar-1	0.9885159010600707	True	True	42.3	74.3667	True
29	765	Sus-1	0.9319787985865724	True	True	42.19	73.41	True
30	766	Dja-1	0.95848056537102477	True	True	42.5833	73.6333	True
31	768	Zal-1	0.95759717314487636	True	True	42.8	76.35	True
32	772	Neo-6	0.9832155477031802	True	True	37.35	72.4667	True
33	801	KYC-33	0.98144876325088337	True	True	37.9169	-84.4639	True
34	853	MIA-1	1	True	True	41.7976	-86.6691	True
35	854	MIA-5	0.99911660777385158	True	True	41.7976	-86.6691	True
36	867	MIC-20	0.99823321554770317	True	True	41.8266	-86.4366	True
37	868	MIC-24	1	True	True	41.8266	-86.4366	True
38	870	MIC-31	0.99734982332155475	True	True	41.8266	-86.4366	True
39	915	LIN S-5	0.96643109540636041	True	True	41.8972	-71.4378	True
40	932	CHA-41	0.97879858657243812	True	True	42.3634	-71.1445	True
41	991	Ale-Stenar-41-1	0.97438162544169615	True	True	55.3822641	14.0526813	True
42	992	Ale-Stenar-44-4	0.92491166077738518	True	True	55.3822641	14.0526813	True
43	997	Ale-Stenar-56-14	0.97791519434628971	True	True	55.3822641	14.0526813	True
44	1002	Ale-Stenar-64-24	0.98144876325088337	True	True	55.3822641	14.0526813	True
45	1006	Ale-Stenar-77-31	0.99558303886925792	True	True	55.3822641	14.0526813	True
46	1061	Brösarp-11-135	0.90989399293286222	True	True	55.7167	14.1333	True
47	1062	Brösarp-15-138	0.97968197879858654	True	True	55.7167	14.1333	True
48	1063	Brösarp-21-140	0.97791519434628971	True	True	55.7167	14.1333	True
49	1066	Brösarp-34-145	0.98498233215547704	True	True	55.7167	14.1333	True
50	1070	Brösarp-45-153	0.99028268551236753	True	True	55.7167	14.1333	True
51	1158	Aledal-6-49	0.99646643109540634	True	True	56.7	16.5167	True
52	1166	Aledal-14-73	0.99911660777385158	True	True	56.7	16.5167	True
53	1254	Tos-82-387	0.98056537102473496	True	True	59.4333	17.0167	True
54	1257	Tos-95-393	0.93992932862190814	True	True	59.4333	17.0167	True
55	1313	Ängsö-59-422	0.99558303886925792	True	True	59.5667	16.8667	True
56	1317	Ängsö-74-430	0.99558303886925792	True	True	59.5667	16.8667	True
57	1552	Sku-30	0.96289752650176674	True	True	63.0833	18.3667	True
58	1612	Brn-10	0.99911660777385158	True	True	41.9	-86.583	True
59	1622	Brn-24	0.99911660777385158	True	True	41.9	-86.583	True
60	1651	DuckLkSP38	0.99911660777385158	True	True	43.3431	-86.4045	True
61	1652	DuckLkSP40	0.99911660777385158	True	True	43.3431	-86.4045	True
62	1676	Haz-2	0.99911660777385158	True	True	41.879	-86.607	True
63	1684	Haz-10	1	True	True	41.879	-86.607	True
64	1739	KBS-Mac-68	0.99204946996466437	True	True	42.405	-85.398	True
65	1741	KBS-Mac-74	0.99381625441696109	True	True	42.405	-85.398	True
66	1756	Ker-4	0.99911660777385158	True	True	42.184	-86.358	True
67	1757	Ker-5	1	True	True	42.184	-86.358	True
68	1793	L-R-5	1	True	True	41.847	-86.67	True
69	1797	L-R-10	0.99911660777385158	True	True	41.847	-86.67	True
70	1819	Lak-12	0.99823321554770317	True	True	41.8	-86.67	True
71	1820	Lak-13	0.99911660777385158	True	True	41.8	-86.67	True
72	1829	Mdn-1	0.99293286219081267	True	True	42.051	-86.509	True
73	1834	Mdn-8	0.99911660777385158	True	True	42.051	-86.509	True
74	1835	Mdn-10	1	True	True	42.051	-86.509	True
75	1851	MNF-Pot-10	1	True	True	43.595	-86.2657	True
76	1852	MNF-Pot-15	0.90282685512367489	True	True	43.595	-86.2657	True
77	1853	MNF-Pot-21	0.95494699646643111	True	True	43.595	-86.2657	True
78	1872	MNF-Pot-75	0.98233215547703179	True	True	43.595	-86.2657	True
79	1890	MNF-Riv-21	0.99028268551236753	True	True	43.5139	-86.1859	True
80	1925	MNF-Che-2	0.97791519434628971	True	True	43.5251	-86.1843	True
81	1942	MNF-Che-47	0.99293286219081267	True	True	43.5251	-86.1843	True
82	1943	MNF-Che-49	0.99293286219081267	True	True	43.5251	-86.1843	True
83	1954	MNF-Jac-12	0.96201413427561833	True	True	43.5187	-86.1739	True
84	2016	MNF-Pin-39	0.96996466431095407	True	True	43.5356	-86.1788	True
85	2017	MNF-Pin-40	1	True	True	43.5356	-86.1788	True
86	2031	Map-8	1	True	True	42.166	-86.412	True
87	2053	Map-35	1	True	True	42.166	-86.412	True
88	2057	Map-42	0.99823321554770317	True	True	42.166	-86.412	True
89	2081	MuskSP-68	0.99558303886925792	True	True	43.2483	-86.3368	True
90	2091	MuskSP-83	0.99381625441696109	True	True	43.2483	-86.3368	True
91	2106	MSGA-10	0.99734982332155475	True	True	43.2749	-86.0891	True
92	2108	MSGA-12	1	True	True	43.2749	-86.0891	True
93	2141	MSGA-61	0.99823321554770317	True	True	43.2749	-86.0891	True
94	2159	Paw-13	0.99646643109540634	True	True	42.148	-86.431	True
95	2166	Paw-20	0.9946996466431095	True	True	42.148	-86.431	True
96	2171	Paw-26	0.98674911660777387	True	True	42.148	-86.431	True
97	2191	Pent-7	1	True	True	43.7623	-86.3929	True
98	2202	Pent-23	0.9204946996466431	True	True	43.7623	-86.3929	True
99	2212	Pent-46	1	True	True	43.7623	-86.3929	True
100	2239	Riv-25	0.99911660777385158	True	True	42.184	-86.382	True
101	2240	Riv-26	0.99823321554770317	True	True	42.184	-86.382	True
102	2276	SLSP-31	0.90636042402826855	True	True	43.665	-86.496	True
103	2278	SLSP-35	0.97703180212014129	True	True	43.665	-86.496	True
104	2285	SLSP-69	1	True	True	43.665	-86.496	True
105	2286	SLSP-67	1	True	True	43.665	-86.496	True
106	2317	Ste-40	0.82332155477031799	True	False	42.03	-86.514	True
107	2370	Yng-4	0.99646643109540634	True	True	41.865	-86.646	True
108	2412	Yng-53	0.99646643109540634	True	True	41.865	-86.646	True
109	4779	UKSW06-179	0.96819787985865724	True	True	50.4	-4.9	True
110	4807	UKSW06-207	0.98409893992932862	True	True	50.4	-4.9	True
111	4826	UKSW06-226	0.89664310954063609	True	False	50.4	-4.9	True
112	4840	UKSW06-240	0.99734982332155475	True	True	50.4	-4.9	True
113	4857	UKSW06-257	0.9946996466431095	True	True	50.3	-4.9	True
114	4884	UKSW06-285	0.95671378091872794	True	True	50.3	-4.9	True
115	4900	UKSW06-302	0.93286219081272082	True	True	50.3	-4.8	True
116	4939	UKSW06-341	0.99734982332155475	True	True	50.4	-4.7	True
117	4958	UKSW06-360	0.97968197879858654	True	True	50.5	-4.5	True
118	5023	UKSE06-118	0.87102473498233213	True	False	51.3	0.5	True
119	5104	UKSE06-252	0.93021201413427557	True	True	51.3	0.5	True
120	5151	UKSE06-325	0.96113074204946991	True	True	52.2	-1.7	True
121	5165	UKSE06-362	0.94257950530035339	True	True	51.3	0.4	True
122	5210	UKSE06-432	0.97703180212014129	True	True	51.2	0.3	True
123	5236	UKSE06-470	0.9319787985865724	True	True	51.2	0.4	True
124	5249	UKSE06-491	0.99558303886925792	True	True	51.2	0.3	True
125	5253	UKSE06-500	0.77650176678445226	False	False	51.1	0.6	True
126	5276	UKSE06-533	0.85070671378091878	True	False	51.3	1.1	True
127	5279	UKSE06-541	0.99911660777385158	True	True	51.3	1.1	True
128	5349	UKSE06-639	0.94964664310954061	True	True	51.1	0.4	True
129	5353	UKNW06-003	0.96731448763250882	True	True	54.5	-3	True
130	5395	UKNW06-102	0.9946996466431095	True	True	54.4	-3	True
131	5486	UKNW06-233	0.87455830388692579	True	False	54.6	-3.3	True
132	5577	UKNW06-403	0.91961130742049468	True	True	54.7	-3.4	True
133	5644	UKNW06-481	0.92932862190812726	True	True	54.4	-2.9	True
134	5651	UKNW06-488	0.99558303886925792	True	True	54.4	-2.9	True
135	5717	Bra-1	0.99558303886925792	True	True	54.6	-3.2	True
136	5718	UKID11	0.99381625441696109	True	True	57	-3.4	True
137	5720	Cal-2	0.86395759717314491	True	False	53.3	-1.6	True
138	5726	Cnt-1	0.89929328621908122	True	False	51.3	1.1	True
139	5741	For-2	0.97614840989399299	True	True	56.6	-4.1	True
140	5748	Kil-0	0.8975265017667845	True	False	56	-4.4	True
141	5757	Mc-1	0.87279151943462896	True	False	54.6	-2.3	True
142	5768	UKID63	0.9037102473498233	True	True	54.1	-1.5	True
143	5772	Set-1	0.91342756183745588	True	True	54.1	-2.3	True
144	5776	UKID71	0.99381625441696109	True	True	52.9	-1.3	True
145	5779	UKID74	0.91166077738515905	True	True	51	-3.1	True
146	5784	Ty-1	0.87632508833922262	True	False	56.4	-5.2	True
147	5798	UKID93	0.99734982332155475	True	True	53.1	-3.3	True
148	5800	UKID96	0.92491166077738518	True	True	57.4	-5.5	True
149	5811	UKID107	0.91166077738515905	True	True	52.9	-3.1	True
150	5822	UKID116	0.92844522968197885	True	True	56.7333	-5.98333	True
151	5830	App1-12	0.97438162544169615	True	True	56.3130014	15.9807762	True
152	5831	App1-14	0.98586572438162545	True	True	56.3130014	15.9807762	True
153	5832	App1-16	0.99646643109540634	True	True	56.3130014	15.9807762	True
154	5836	Boo2-3	0.98586572438162545	True	True	55.86	13.51	True
155	5837	Bor-1	0.93639575971731448	True	True	49.4013	16.2326	True
156	5856	Dör-10	0.91166077738515905	True	True	63.0091989	17.4849587	True
157	5860	Dra-3	0.99116607773851595	True	True	62.6827735	18.0141098	True
158	5865	Dra1-4	0.99381625441696109	True	True	55.7565106	14.1231006	True
159	5867	Dra2-1	0.99204946996466437	True	True	55.7570661	14.1220385	True
160	5874	DraII-6	0.90106007067137805	True	True	49.4112	16.2815	True
161	5890	DraIV 1-8	0.88604240282685509	True	False	49.4112	16.2815	True
162	5893	DraIV 1-11	0.90989399293286222	True	True	49.4112	16.2815	True
163	5907	DraIV 2-9	0.89487632508833925	True	False	49.4112	16.2815	True
164	5921	DraIV 3-7	0.84540636042402828	True	False	49.4112	16.2815	True
165	5950	DraIV 5-12	0.94346289752650181	True	True	49.4112	16.2815	True
166	5984	DraIV 6-13	0.91607773851590102	True	True	49.4112	16.2815	True
167	5993	DraIV 6-22	0.8295053003533569	True	False	49.4112	16.2815	True
168	6008	Duk	0.93551236749116606	True	True	49.1	16.2	True
169	6009	Eden-1	0.96643109540636041	True	True	62.8759855	18.1749827	True
170	6010	Eden-5	0.99293286219081267	True	True	62.8759855	18.1749827	True
171	6011	Eden-6	0.98763250883392228	True	True	62.8759855	18.1749827	True
172	6012	Eden-7	0.9885159010600707	True	True	62.8759855	18.1749827	True
173	6013	Eden-9	0.9885159010600707	True	True	62.8759855	18.1749827	True
174	6016	Eds-1	0.9204946996466431	True	True	62.9147	18.4045	True
175	6017	Eds-9	0.99293286219081267	True	True	62.9147	18.4045	True
176	6019	Fjä1-2	0.9487632508833922	True	True	56.0617671	14.2786489	True
177	6020	Fjä1-5	0.94346289752650181	True	True	56.0617671	14.2786489	True
178	6021	Fjä2-4	0.98144876325088337	True	True	56.068008	14.281492	True
179	6022	Fjä2-6	0.97526501766784457	True	True	56.068008	14.281492	True
180	6023	Fly2-1	0.98674911660777387	True	True	55.7501271	13.3720798	True
181	6024	Fly2-2	0.98939929328621912	True	True	55.7501271	13.3720798	True
182	6025	Gro-3	0.99028268551236753	True	True	62.6381	17.7311	True
183	6030	Grön-5	0.83833922261484095	True	False	62.806	18.1896	True
184	6034	Hov1-7	0.99116607773851595	True	True	56.0755241	13.7453108	True
185	6035	Hov1-10	0.84363957597173145	True	False	56.0755241	13.7453108	True
186	6036	Hov3-2	0.89929328621908122	True	False	56.1045244	13.7249024	True
187	6038	Hov3-5	0.99381625441696109	True	True	56.1045244	13.7249024	True
188	6039	Hovdala-2	0.89487632508833925	True	False	56.1132251	13.7296953	True
189	6040	Kni-1	0.97526501766784457	True	True	55.66	13.4	True
190	6041	Lis-3	0.98939929328621912	True	True	56.0089259	14.7427433	True
191	6042	Lom1-1	0.97614840989399299	True	True	56.0964877	13.8561835	True
192	6043	Löv-1	0.78180212014134276	False	False	62.8003225	18.075722	True
193	6046	Löv-5	0.92314487632508835	True	True	62.8003225	18.075722	True
194	6064	Nyl-2	0.93551236749116606	True	True	62.9513	18.2763	True
195	6069	Nyl-7	0.98498233215547704	True	True	62.95681	18.2763	True
196	6070	Omn-1	0.98674911660777387	True	True	62.956806	18.339997	True
197	6071	Omn-5	0.99116607773851595	True	True	62.956806	18.339997	True
198	6073	ÖMö1-7	0.99646643109540634	True	True	56.1460908	15.7779722	True
199	6074	Ör-1	0.97349823321554774	True	True	56.4573992	16.1301702	True
200	6076	Rev-2	0.91342756183745588	True	True	55.7170459	13.4354695	True
201	6077	Rev-3	0.99293286219081267	True	True	55.7170459	13.4354695	True
202	6085	Sparta-1	0.99293286219081267	True	True	55.709434	13.2155403	True
203	6086	Sr:3	0.99646643109540634	True	True	58.9	11.2	True
204	6087	Stu-2	0.97879858657243812	True	True	56.465642	16.1302444	True
205	6088	Stu1-1	0.99204946996466437	True	True	56.465642	16.1302444	True
206	6090	T1000	0.99293286219081267	True	True	55.6525	13.2197	True
207	6091	T1010	0.98763250883392228	True	True	55.6525	13.215	True
208	6092	T1020	0.85689045936395758	True	False	55.6514	13.2233	True
209	6094	T1040	0.94964664310954061	True	True	55.6494	13.2147	True
210	6095	T1050	0.99293286219081267	True	True	55.6486	13.2161	True
211	6096	T1060	0.98939929328621912	True	True	55.6472	13.2225	True
212	6097	T1070	0.99116607773851595	True	True	55.6481	13.2264	True
213	6098	T1080	0.9946996466431095	True	True	55.6561	13.2178	True
214	6099	T1090	0.99116607773851595	True	True	55.6532394	13.2193742	True
215	6100	T1110	0.98498233215547704	True	True	55.6465188	13.2226591	True
216	6101	T1120	0.99381625441696109	True	True	55.6465188	13.2199068	True
217	6102	T1130	0.97349823321554774	True	True	55.6484554	13.2240307	True
218	6104	T1160	0.98939929328621912	True	True	55.6995163	13.2078964	True
219	6105	T450	0.90636042402826855	True	True	55.7912838	13.1166475	True
220	6106	T460	0.99204946996466437	True	True	55.7892517	13.1151131	True
221	6107	T470	0.99116607773851595	True	True	55.789833	13.1172969	True
222	6108	T480	0.99116607773851595	True	True	55.7925311	13.1162548	True
223	6109	T510	0.96819787985865724	True	True	55.7895346	13.1113481	True
224	6111	T530	0.98409893992932862	True	True	55.7928025	13.1104309	True
225	6112	T540	0.9832155477031802	True	True	55.7908676	13.09336	True
226	6113	T550	0.98586572438162545	True	True	55.7976997	13.0996565	True
227	6114	T570	0.98498233215547704	True	True	55.7990936	13.1296295	True
228	6115	T580	0.96289752650176674	True	True	55.7932875	13.1326552	True
229	6118	T610	0.99823321554770317	True	True	55.7138306	13.1745511	True
230	6119	T620	0.99823321554770317	True	True	55.7034097	13.1729204	True
231	6122	T670	0.94522968197879864	True	True	55.8350143	13.2954193	True
232	6123	T680	0.99823321554770317	True	True	55.8351287	13.2986651	True
233	6124	T690	0.99204946996466437	True	True	55.8362185	13.2995709	True
234	6125	T710	0.97791519434628971	True	True	55.8371341	13.2984818	True
235	6126	T720	0.98674911660777387	True	True	55.8379372	13.3002261	True
236	6128	T740	0.98939929328621912	True	True	55.8397	13.2881	True
237	6131	T780	0.99558303886925792	True	True	55.8369	13.3181	True
238	6132	T790	0.99204946996466437	True	True	55.8386	13.3186	True
239	6133	T800	0.97968197879858654	True	True	55.8422437	13.2995693	True
240	6134	T810	0.99646643109540634	True	True	55.8383	13.2906	True
241	6136	T840	0.97791519434628971	True	True	55.9336	13.5519	True
242	6137	T850	0.91431095406360419	True	True	55.9419	13.5603	True
243	6138	T860	0.99116607773851595	True	True	55.9403	13.5511	True
244	6140	T880	0.97879858657243812	True	True	55.9392	13.5539	True
245	6141	T890	0.99204946996466437	True	True	55.9414	13.5542	True
246	6142	T900	0.99204946996466437	True	True	55.9428	13.5558	True
247	6145	T930	0.9885159010600707	True	True	55.9497	13.5533	True
248	6148	T960	0.9832155477031802	True	True	55.9319	13.5508	True
249	6149	T970	0.9372791519434629	True	True	55.9281	13.5481	True
250	6150	T980	0.99028268551236753	True	True	55.9261	13.5319	True
251	6151	T990	0.99293286219081267	True	True	55.6528	13.2244	True
252	6153	TAA 03	0.97879858657243812	True	True	62.6381	17.7311	True
253	6154	TAA 04	0.98056537102473496	True	True	62.6381	17.7311	True
254	6163	TAA 14	0.99028268551236753	True	True	62.6381	17.7311	True
255	6166	TAA 17	0.99028268551236753	True	True	62.6381	17.7311	True
256	6169	TÅD 01	0.9885159010600707	True	True	62.8622	18.336	True
257	6172	TÅD 04	0.98409893992932862	True	True	62.8622	18.336	True
258	6173	TÅD 05	0.99293286219081267	True	True	62.8622	18.336	True
259	6174	TÅD 06	0.98939929328621912	True	True	62.6252	17.6771	True
260	6177	TÄL 03	0.9885159010600707	True	True	62.6252	17.6771	True
261	6180	TÄL 07	0.98586572438162545	True	True	62.6252	17.6771	True
262	6184	TBÖ 01	0.99381625441696109	True	True	62.8794	18.4473	True
263	6188	TDr-1	0.95848056537102477	True	True	55.758856	14.1328223	True
264	6189	TDr-2	0.9885159010600707	True	True	55.758856	14.1328223	True
265	6191	TDr-4	0.93992932862190814	True	True	55.758856	14.1328223	True
266	6192	TDr-5	0.95848056537102477	True	True	55.758856	14.1328223	True
267	6193	TDr-7	0.98939929328621912	True	True	55.758856	14.1328223	True
268	6194	TDr-8	0.99646643109540634	True	True	55.758856	14.1328223	True
269	6195	TDr-9	0.98763250883392228	True	True	55.758856	14.1328223	True
270	6198	TDr-13	0.99204946996466437	True	True	55.7567793	14.1225226	True
271	6201	TDr-16	0.9885159010600707	True	True	55.7567793	14.1225226	True
272	6202	TDr-17	0.98939929328621912	True	True	55.7567793	14.1225226	True
273	6203	TDr-18	0.94611307420494695	True	True	55.7567793	14.1225226	True
274	6209	TEDEN 02	0.99293286219081267	True	True	62.8759855	18.1749827	True
275	6210	TEDEN 03	0.98586572438162545	True	True	62.8759855	18.1749827	True
276	6214	TFÄ 04	0.99293286219081267	True	True	63.0165	18.3174	True
277	6216	TFÄ 06	0.98939929328621912	True	True	63.0165	18.3174	True
278	6217	TFÄ 07	0.98939929328621912	True	True	63.0165	18.3174	True
279	6218	TFÄ 08	0.99116607773851595	True	True	63.0165	18.3174	True
280	6220	TGR 01	0.97438162544169615	True	True	62.806	18.1896	True
281	6221	TGR 02	0.97261484098939932	True	True	62.806	18.1896	True
282	6231	TNY 04	0.94081272084805656	True	True	62.9513	18.2763	True
283	6235	TOM 01	0.98763250883392228	True	True	62.956806	18.339997	True
284	6237	TOM 03	0.93551236749116606	True	True	62.956806	18.339997	True
285	6238	TOM 04	0.98939929328621912	True	True	62.956806	18.339997	True
286	6240	TOM 06	0.95318021201413428	True	True	62.956806	18.339997	True
287	6241	TOM 07	0.87102473498233213	True	False	62.956806	18.339997	True
288	6242	Tomegap-2	0.96201413427561833	True	True	55.7060213	13.1960732	True
289	6243	Tottarp-2	0.97261484098939932	True	True	55.95	13.85	True
290	6244	TRÄ 01	0.95936395759717319	True	True	62.9169	18.4728	True
291	6252	TV-4	0.98674911660777387	True	True	55.5796	14.3336	True
292	6255	TV-7	0.91607773851590102	True	True	55.5796	14.3336	True
293	6258	TV-10	0.98586572438162545	True	True	55.5796	14.3336	True
294	6268	TV-22	0.99646643109540634	True	True	55.5796	14.3336	True
295	6276	TV-30	0.98939929328621912	True	True	55.5796	14.3336	True
296	6284	TV-38	0.99116607773851595	True	True	55.5796	14.3336	True
297	6296	UduI 1-11	0.85865724381625441	True	False	49.2771	16.6314	True
298	6390	UduI 3-36	0.86042402826855124	True	False	49.2771	16.6314	True
299	6396	UduI 4-9	0.84275618374558303	True	False	49.2771	16.6314	True
300	6413	Ull3-4	0.91254416961130747	True	True	56.0630848	13.9583592	True
301	6424	ZdrI 1-23	0.89575971731448767	True	False	49.3853	16.2544	True
302	6434	ZdrI 2-9	0.89575971731448767	True	False	49.3853	16.2544	True
303	6445	ZdrI 2-21	0.82685512367491165	True	False	49.3853	16.2544	True
304	6680	ANH-1	0.96554770318021199	True	True	51.85	6.4333	True
305	6739	CSHL-15	1	True	True	40.8585	-73.4675	True
306	6740	CSHL-17	1	True	True	40.8585	-73.4675	True
307	6744	CSHL-5	0.81007067137809186	True	False	40.8585	-73.4675	True
308	6749	FM-10	1	True	True	42.4489	-76.5072	True
309	6750	FM-11	1	True	True	42.4489	-76.5072	True
310	6805	HS-12	1	True	True	42.373	-71.0627	True
311	6806	HS-17	1	True	True	42.373	-71.0627	True
312	6814	KNO-15	0.99911660777385158	True	True	41.2816	-86.621	True
313	6830	Kz-13	0.84363957597173145	True	False	49.5	73.1	True
314	6897	Ag-0	0.96201413427561833	True	True	45	1.3	True
315	6898	An-1	0.95494699646643111	True	True	51.2167	4.4	True
316	6900	Bil-5	0.83745583038869253	True	False	63.322186	18.4840729	True
317	6901	Bil-7	0.94169611307420498	True	True	63.322186	18.4840729	True
318	6903	Bor-4	0.99028268551236753	True	True	49.4013	16.2326	True
319	6904	Br-0	0.99734982332155475	True	True	49.2	16.6166	True
320	6907	CIBC-17	0.97084805653710249	True	True	51.4083	-0.6383	True
321	6908	CIBC-5	0.99646643109540634	True	True	51.4083	-0.6383	True
322	6909	Col-0	0.96289752650176674	True	True	38.3	-92.3	True
323	6911	Cvi-0	0.97084805653710249	True	True	15.1111	-23.6167	True
324	6913	Eden-2	0.96908127208480566	True	True	62.8759855	18.1749827	True
325	6915	Ei-2	0.98409893992932862	True	True	50.3	6.3	True
326	6917	Fäb-2	0.83657243816254412	True	False	63.0165	18.3174	True
327	6918	Fäb-4	0.94346289752650181	True	True	63.0165	18.3174	True
328	6919	Ga-0	0.96378091872791516	True	True	50.3	8	True
329	6920	Got-22	0.99116607773851595	True	True	51.5338	9.9355	True
330	6922	Gu-0	0.95053003533568903	True	True	50.3	8	True
331	6923	HR-10	0.96731448763250882	True	True	51.4083	-0.6383	True
332	6924	HR-5	0.95406360424028269	True	True	51.4083	-0.6383	True
333	6926	Kin-0	0.95671378091872794	True	True	44.46	-85.37	True
334	6927	KNO-10	0.99823321554770317	True	True	41.2816	-86.621	True
335	6929	Kondara	0.9717314487632509	True	True	38.48	68.49	True
336	6931	Kz-9	0.96819787985865724	True	True	49.5	73.1	True
337	6932	Ler-1	0.99381625441696109	True	True	52.7325	15.2369	True
338	6933	LL-0	0.9885159010600707	True	True	41.59	2.49	True
339	6938	Ms-0	0.95583038869257952	True	True	55.7522	37.6322	True
340	6940	Mz-0	0.96643109540636041	True	True	50.3	8.3	True
341	6943	NFA-10	0.99204946996466437	True	True	51.4083	-0.6383	True
342	6944	NFA-8	0.98674911660777387	True	True	51.4083	-0.6383	True
343	6945	Nok-3	0.98409893992932862	True	True	52.24	4.45	True
344	6951	Pu2-23	0.96996466431095407	True	True	49.42	16.36	True
345	6956	Pu2-7	0.96996466431095407	True	True	49.42	16.36	True
346	6957	Pu2-8	0.81360424028268552	True	False	49.42	16.36	True
347	6958	Ra-0	0.98233215547703179	True	True	46	3.3	True
348	6959	Rennes-1	0.97438162544169615	True	True	48.5	-1.41	True
349	6960	Rennes-11	0.94434628975265023	True	True	48.5	-1.41	True
350	6961	Se-0	0.90724381625441697	True	True	38.3333	-3.53333	True
351	6963	Sorbo	0.96466431095406358	True	True	38.35	68.48	True
352	6966	Sq-1	0.92491166077738518	True	True	51.4083	-0.6383	True
353	6967	Sq-8	0.98498233215547704	True	True	51.4083	-0.6383	True
354	6968	Tamm-2	0.82243816254416957	True	False	60	23.5	True
355	6969	Tamm-27	0.96466431095406358	True	True	60	23.5	True
356	6970	Ts-1	0.91077738515901063	True	True	41.7194	2.93056	True
357	6971	Ts-5	0.95671378091872794	True	True	41.7194	2.93056	True
358	6973	Ull2-3	0.99558303886925792	True	True	56.0648	13.9707	True
359	6974	Ull2-5	0.95583038869257952	True	True	56.0648	13.9707	True
360	6975	Uod-1	0.97438162544169615	True	True	48.3	14.45	True
361	6976	Uod-7	0.98144876325088337	True	True	48.3	14.45	True
362	6979	Wei-0	0.96466431095406358	True	True	47.25	8.26	True
363	6981	Ws-2	0.9717314487632509	True	True	52.3	30	True
364	6982	Wt-5	0.892226148409894	True	False	52.3	9.3	True
365	6984	Zdr-1	0.9151943462897526	True	True	49.3853	16.2544	True
366	6986	Abd-0	0.98144876325088337	True	True	57.1539	-2.2207	True
367	6987	Ak-1	0.94522968197879864	True	True	48.0683	7.62551	True
368	6989	Alst-1	0.96201413427561833	True	True	54.8	-2.4333	True
369	6990	Amel-1	0.98144876325088337	True	True	53.448	5.73	True
370	6992	Ang-0	0.97791519434628971	True	True	50.3	5.3	True
371	6997	Appt-1	0.95848056537102477	True	True	51.8333	5.5833	True
372	7000	Aa-0	0.96819787985865724	True	True	50.9167	9.57073	True
373	7002	Baa-1	0.99293286219081267	True	True	51.3333	6.1	True
374	7003	Bs-1	0.96996466431095407	True	True	47.5	7.5	True
375	7008	Benk-1	0.97084805653710249	True	True	52	5.675	True
376	7013	Bd-0	0.96819787985865724	True	True	52.4584	13.287	True
377	7014	Ba-1	0.93551236749116606	True	True	56.5459	-4.79821	True
378	7025	Bl-1	0.97261484098939932	True	True	44.5041	11.3396	True
379	7026	Boot-1	0.90282685512367489	True	True	54.4	-3.2667	True
380	7028	Bch-1	0.96731448763250882	True	True	49.5166	9.3166	True
381	7031	Bsch-0	0.96024734982332161	True	True	50.0167	8.6667	True
382	7033	Buckhorn Pass	0.91342756183745588	True	True	41.3599	-122.755	True
383	7036	Bu-0	0.99204946996466437	True	True	50.5	9.5	True
384	7058	Bur-0	0.9832155477031802	True	True	53.87	-9.0755556	True
385	7061	Cal-0	0.9832155477031802	True	True	53.2699	-1.64293	True
386	7062	Ca-0	0.99558303886925792	True	True	50.2981	8.26607	True
387	7063	Can-0	0.97261484098939932	True	True	29.2144	-13.4811	True
388	7064	Cnt-1	0.9717314487632509	True	True	51.3	1.1	True
389	7067	Ct-1	0.99204946996466437	True	True	37.51	15.09	True
390	7068	Cerv-1	0.9204946996466431	True	True	42	12.1	True
391	7071	Chat-1	0.96643109540636041	True	True	48.0717	1.33867	True
392	7072	Chi-0	0.96289752650176674	True	True	53.7502	34.7361	True
393	7077	Co-1	0.96908127208480566	True	True	40.12	-8.25	True
394	7081	Co	0.8524734982332155	True	False	40.2077	-8.42639	True
395	7092	Com-1	0.98233215547703179	True	True	49.416	2.823	True
396	7094	Da-0	0.90724381625441697	True	True	49.8724	8.65081	True
397	7096	Di-G	0.96378091872791516	True	True	47.3239	5.04278	True
398	7102	Do-0	0.99646643109540634	True	True	50.7224	8.2372	True
399	7103	Dra-0	0.97084805653710249	True	True	49.4167	16.2667	True
400	7106	Dr-0	0.96908127208480566	True	True	51.051	13.7336	True
401	7107	Durh-1	0.95759717314487636	True	True	54.7761	-1.5733	True
402	7109	Ema-1	0.96819787985865724	True	True	51.3	0.5	True
403	7111	Edi-0	0.9885159010600707	True	True	55.9494	-3.16028	True
404	7117	El-0	0.99381625441696109	True	True	51.5105	9.68253	True
405	7119	En-2	0.87720848056537104	True	False	50	8.5	True
406	7120	En-D	0.97968197879858654	True	True	50	8.5	True
407	7125	Er-0	0.98763250883392228	True	True	49.5955	11.0087	True
408	7126	Es-0	0.97703180212014129	True	True	60.1997	24.5682	True
409	7127	Est	0.97438162544169615	True	True	58.6656	24.9871	True
410	7130	Et-0	0.9885159010600707	True	True	44.6447	2.56481	True
411	7133	Fr-2	0.97703180212014129	True	True	50.1102	8.6822	True
412	7138	Fi-0	0.98233215547703179	True	True	50.5	8.0167	True
413	7143	Gel-1	0.96731448763250882	True	True	51.0167	5.86667	True
414	7147	Gie-0	0.95583038869257952	True	True	50.584	8.67825	True
415	7158	Gr-5	0.93904593639575973	True	True	47	15.5	True
416	7160	Gre-0	0.96201413427561833	True	True	43.178	-85.2532	True
417	7161	Gd-1	0.79328621908127206	False	False	53.5	10.5	True
418	7162	Hs-0	0.94964664310954061	True	True	52.24	9.44	True
419	7163	Ha-0	0.96554770318021199	True	True	52.3721	9.73569	True
420	7164	Hau-0	0.95671378091872794	True	True	55.675	12.5686	True
421	7165	Hn-0	0.97703180212014129	True	True	51.3472	8.28844	True
422	7169	Hh-0	0.9717314487632509	True	True	54.4175	9.88682	True
423	7177	Jm-0	0.97791519434628971	True	True	49	15	True
424	7181	Je-0	0.96289752650176674	True	True	50.927	11.587	True
425	7183	Kas-1	0.98939929328621912	True	True	35	77	True
426	7186	Kn-0	0.96819787985865724	True	True	54.8969	23.8924	True
427	7192	Kil-0	0.96554770318021199	True	True	55.6395	-5.66364	True
428	7199	Kl-5	0.99381625441696109	True	True	50.95	6.9666	True
429	7202	Kb-0	0.99646643109540634	True	True	50.1797	8.50861	True
430	7203	Krot-0	0.99646643109540634	True	True	49.631	11.5722	True
431	7207	Kyoto	0.96554770318021199	True	True	35.0085	135.752	True
432	7208	Lan-0	0.9717314487632509	True	True	55.6739	-3.78181	True
433	7209	La-0	0.9946996466431095	True	True	52.7333	15.2333	True
434	7213	Ler-0	0.98498233215547704	True	True	52.7325	15.2369	True
435	7217	Lm-2	0.97703180212014129	True	True	48	0.5	True
436	7218	Le-0	0.95229681978798586	True	True	52.1611	4.49015	True
437	7223	Li-2:1	0.95406360424028269	True	True	50.3833	8.0666	True
438	7231	Li-7	0.95759717314487636	True	True	50.3833	8.0666	True
439	7236	Litva	0.96113074204946991	True	True			False
440	7244	Mnz-0	0.93904593639575973	True	True	50.001	8.26664	True
441	7248	Mv-0	0.98409893992932862	True	True	41.3923	-70.6652	True
442	7250	Me-0	0.82067137809187274	True	False	51.9183	10.1138	True
443	7255	Mh-0	0.95759717314487636	True	True	50.95	20.5	True
444	7258	Nw-0	0.98144876325088337	True	True	50.5	8.5	True
445	7268	Np-0	0.96643109540636041	True	True	52.6969	10.981	True
446	7273	No-0	0.9885159010600707	True	True	51.0581	13.2995	True
447	7276	Ob-0	0.96731448763250882	True	True	50.2	8.5833	True
448	7280	Old-1	0.9832155477031802	True	True	53.1667	8.2	True
449	7282	Or-0	0.97526501766784457	True	True	50.3827	8.01161	True
450	7287	Ove-0	0.99381625441696109	True	True	53.3422	8.42255	True
451	7288	Oy-0	0.99381625441696109	True	True	60.385543	6.193019	True
452	7296	Petergof	0.97438162544169615	True	True	59	29	True
453	7298	Pi-0	0.95053003533568903	True	True	47.04	10.51	True
454	7305	Pt-0	0.96643109540636041	True	True	53.476	10.6065	True
455	7306	Pog-0	0.94699646643109536	True	True	49.2655	-123.206	True
456	7307	Pn-0	0.97968197879858654	True	True	48.0653	-2.96591	True
457	7314	Ragl-1	0.98233215547703179	True	True	54.3512	-3.41697	True
458	7316	Rhen-1	0.97261484098939932	True	True	51.9667	5.56667	True
459	7319	Rome-1	0.94169611307420498	True	True	42	12.1	True
460	7320	Rou-0	0.89310954063604242	True	False	49.4424	1.09849	True
461	7322	Rsch-4	0.99028268551236753	True	True	56.3	34	True
462	7323	Rubezhnoe-1	0.98586572438162545	True	True	49	38.28	True
463	7327	Sf-1	0.96378091872791516	True	True	41.7833	3.03333	True
464	7328	Sf-2	0.96731448763250882	True	True	41.7833	3.03333	True
465	7332	Seattle-0	0.95583038869257952	True	True	47	-122.2	True
466	7333	Sei-0	0.92932862190812726	True	True	46.5438	11.5614	True
467	7337	Si-0	0.95671378091872794	True	True	50.8738	8.02341	True
468	7342	Su-0	0.98586572438162545	True	True	53.6473	-3.00733	True
469	7343	Sp-0	0.95229681978798586	True	True	52.5339	13.181	True
470	7344	Sg-1	0.84717314487632511	True	False	47.6667	9.5	True
471	7346	Sten-0	0.97349823321554774	True	True	52.6058	11.8558	True
472	7347	Stw-0	0.98233215547703179	True	True	52	36	True
473	7349	Ta-0	0.96466431095406358	True	True	49.5	14.5	True
474	7350	Tac-0	0.99028268551236753	True	True	47.2413	-122.459	True
475	7353	Tha-1	0.97084805653710249	True	True	52.08	4.3	True
476	7354	Ting-1	0.96201413427561833	True	True	56.5	14.9	True
477	7356	Tol-0	0.96554770318021199	True	True	41.6639	-83.5553	True
478	7358	Tol-2	0.99911660777385158	True	True	41.6639	-83.5553	True
479	7359	Tol-3	0.99911660777385158	True	True	41.6639	-83.5553	True
480	7372	Tscha-1	0.98674911660777387	True	True	47.0748	9.9042	True
481	7373	Tsu-0	0.99293286219081267	True	True	34.43	136.31	True
482	7377	Tul-0	0.96731448763250882	True	True	43.2708	-85.2563	True
483	7378	Uk-1	0.95053003533568903	True	True	48.0333	7.7667	True
484	7382	Utrecht	0.87632508833922262	True	False	52.0918	5.1145	True
485	7383	Van-0	0.99116607773851595	True	True	49.2655	-123.206	True
486	7384	Ven-1	0.98056537102473496	True	True	52.0333	5.55	True
487	7387	Vind-1	0.97614840989399299	True	True	54.9902	-2.3671	True
488	7394	Wa-1	0.98056537102473496	True	True	52.3	21	True
489	7396	Ws-0.2	0.99204946996466437	True	True	52.3	30	True
490	7404	Wc-1	0.96643109540636041	True	True	52.6	10.0667	True
491	7411	Wl-0	0.9717314487632509	True	True	47.9299	10.8134	True
492	7413	Wil-2	0.99028268551236753	True	True	54.6833	25.3167	True
493	7415	Wu-0	0.9832155477031802	True	True	49.7878	9.9361	True
494	7416	Yo-0	0.99204946996466437	True	True	37.45	-119.35	True
495	7417	Zu-0	0.9832155477031802	True	True	47.3667	8.55	True
496	7418	Zu-1	0.95848056537102477	True	True	47.3667	8.55	True
497	7419	Db-1	0.98144876325088337	True	True	50.3058	8.32213	True
498	7424	Jl-3	0.94434628975265023	True	True	49.2	16.6166	True
499	7427	Ko-2	0.9717314487632509	True	True			False
500	7430	Nc-1	0.95759717314487636	True	True	48.6167	6.25	True
501	7460	Da(1)-12	0.95141342756183744	True	True			False
502	7461	H55	0.85865724381625441	True	False	49	15	True
503	7471	RLD-1	0.96201413427561833	True	True			False
504	7475	KEN	1	True	True	41.767	-72.677	True
505	7477	WAR	0.95494699646643111	True	True	41.7302	-71.2825	True
506	7514	RRS-7	0.98498233215547704	True	True	41.5609	-86.4251	True
507	7515	RRS-10	0.97438162544169615	True	True	41.5609	-86.4251	True
508	7516	Vår2-1	0.93462897526501765	True	True	55.58	14.334	True
509	7517	Vår2-6	0.82332155477031799	True	False	55.58	14.334	True
510	7520	Lp2-2	0.98233215547703179	True	True	49.38	16.81	True
511	7521	Lp2-6	0.98674911660777387	True	True	49.38	16.81	True
512	7523	Pna-17	0.90459363957597172	True	True	42.0945	-86.3253	True
513	7525	Rmx-A180	0.96731448763250882	True	True	42.036	-86.511	True
514	7529	627RMX-1MN4	0.99911660777385158	True	True	42.0333	-86.5128	True
515	7530	627RMX-1MN5	0.99911660777385158	True	True	42.0333	-86.5128	True
516	7566	627ME-13Y1	0.99911660777385158	True	True	42.093	-86.359	True
517	7568	627ME-1MI1	1	True	True	42.093	-86.359	True
518	7717	KNO1.37	0.95141342756183744	True	True	41.273	-86.625	True
519	7757	KNO2.41	0.99911660777385158	True	True	41.273	-86.625	True
520	7767	KNO2.54	1	True	True	41.273	-86.625	True
521	7917	PNA3.10	0.93816254416961131	True	True	42.0945	-86.3253	True
522	7947	PNA3.40	0.95318021201413428	True	True	42.0945	-86.3253	True
523	8037	PT1.52	0.99911660777385158	True	True	41.3423	-86.7368	True
524	8057	PT1.85	0.99911660777385158	True	True	41.3423	-86.7368	True
525	8077	PT2.21	0.95406360424028269	True	True	41.3423	-86.7368	True
526	8132	RMX3.22	0.95671378091872794	True	True	42.036	-86.511	True
527	8171	RMX4.118	0.99911660777385158	True	True	42.036	-86.511	True
528	8214	Gy-0	0.96996466431095407	True	True	49	2	True
529	8222	Lis-2	0.95229681978798586	True	True	56.0089259	14.7427433	True
530	8227	THÖ 03	0.96378091872791516	True	True	62.7920572	17.898516	True
531	8230	Algutsrum	0.99293286219081267	True	True	56.68	16.5	True
532	8231	Brö1-6	0.72968197879858654	False	False	56.3065535	15.9960089	True
533	8233	Dem-4	0.86484098939929333	True	False	41.1876	-87.1923	True
534	8234	Gul1-2	0.93992932862190814	True	True	56.3201865	15.9753237	True
535	8235	Hod	0.93639575971731448	True	True	48.8	17.1	True
536	8236	HSm	0.78975265017667839	False	False	49.33	15.76	True
537	8237	Kävlinge-1	0.98409893992932862	True	True	55.8	13.1	True
538	8238	Kent	0.9832155477031802	True	True	51.15	0.4	True
539	8239	PHW-3	0.76855123674911663	False	False	51	7	True
540	8240	Kulturen-1	0.98498233215547704	True	True	55.705	13.196	True
541	8241	Liarum	0.98498233215547704	True	True	55.95	13.85	True
542	8242	Lillö-1	0.98763250883392228	True	True	56.1510312	15.7832574	True
543	8243	PHW-2	0.93374558303886923	True	True	43.7703	11.2547	True
544	8244	PHW-34	0.97791519434628971	True	True	48.6103	2.3086	True
545	8246	NC-6	0.97703180212014129	True	True	35	-79.18	True
546	8247	San-2	0.93374558303886923	True	True	56.0692873	13.7407939	True
547	8249	Vimmerby	0.93551236749116606	True	True	57.7	15.8	True
548	8256	Bå1-2	0.94787985865724378	True	True	56.4487477	12.9040338	True
549	8258	Bå4-1	0.97968197879858654	True	True	56.4487477	12.9040338	True
550	8259	Bå5-1	0.9946996466431095	True	True	56.4487477	12.9040338	True
551	8264	Bla-1	0.98056537102473496	True	True	41.6833	2.8	True
552	8283	Dra3-1	0.97791519434628971	True	True	55.7599276	14.1262764	True
553	8284	DraII-1	0.88074204946996471	True	False	49.4112	16.2815	True
554	8285	DraIII-1	0.92667844522968201	True	True	49.4112	16.2815	True
555	8290	En-1	0.94257950530035339	True	True	50	8.5	True
556	8297	Ge-0	0.97614840989399299	True	True	46.21	6.14	True
557	8306	Hov4-1	0.96378091872791516	True	True	56.1035094	13.7134622	True
558	8307	Hovdala-6	0.99734982332155475	True	True	56.1132251	13.7296953	True
559	8311	In-0	0.95759717314487636	True	True	47.5	11.5	True
560	8312	Is-0	0.95936395759717319	True	True	50.5	7.5	True
561	8326	Lis-1	0.95671378091872794	True	True	56.0089259	14.7427433	True
562	8334	Lu-1	0.99028268551236753	True	True	55.72	13.19	True
563	8335	Lund	0.94699646643109536	True	True	55.71	13.2	True
564	8337	Mir-0	0.97791519434628971	True	True	44	12.37	True
565	8343	Na-1	0.96201413427561833	True	True	47.5	1.5	True
566	8351	Ost-0	0.92226148409893993	True	True	60.25	18.37	True
567	8354	Per-1	0.97261484098939932	True	True	58	56.3167	True
568	8357	Pla-0	0.98586572438162545	True	True	41.5	2.25	True
569	8365	Rak-2	0.94699646643109536	True	True	49	16	True
570	8366	Rd-0	0.96819787985865724	True	True	50.5	8.5	True
571	8369	Rev-1	0.95229681978798586	True	True	55.7170459	13.4354695	True
572	8376	Sanna-2	0.97791519434628971	True	True	62.6897799	17.997819	True
573	8386	Sr:5	0.99293286219081267	True	True	58.9	11.2	True
574	8387	St-0	0.90989399293286222	True	True	59.34	18.06	True
575	8419	Wil-1	0.94081272084805656	True	True	54.6833	25.3167	True
576	8420	Kelsterbach-4	0.96819787985865724	True	True	50.0667	8.5333	True
577	8422	Fjä1-1	0.99381625441696109	True	True	56.0617671	14.2786489	True
578	8424	Kas-2	0.98763250883392228	True	True	35	77	True
579	8426	Ull1-1	0.94169611307420498	True	True	56.0681098	13.9589922	True
580	8427	Ull2-13	0.99823321554770317	True	True	56.0648	13.9707	True
581	8464	LP3413.31	1	True	True	41.6862	-86.8513	True
582	8483	LP3413.53	1	True	True	41.6862	-86.8513	True
583	8699	328PNA062	0.99558303886925792	True	True	42.0945	-86.3253	True
584	8723	11PNA1.14	0.99646643109540634	True	True	42.0945	-86.3253	True
585	9027	RMX413.85	0.99646643109540634	True	True	42.036	-86.511	True
586	9057	Vinslöv	0.97968197879858654	True	True	56.1	13.9167	True
587	9058	Västervik	0.99381625441696109	True	True	57.75	16.6333	True
588	9067	Xan-3	0.96819787985865724	True	True	38.6536	48.7992	True
589	9069	Xan-5	0.99734982332155475	True	True	38.6536	48.7992	True
590	9070	Xan-6	0.98763250883392228	True	True	38.6536	48.7992	True
591	9075	Lerik1-4	0.97349823321554774	True	True	38.7406	48.6131	True
592	9078	Lerik1-7	0.99116607773851595	True	True	38.7406	48.6131	True
593	9079	Lerik2-1	0.94257950530035339	True	True	38.7833	48.5517	True
594	9081	Lerik2-3	0.9832155477031802	True	True	38.7833	48.5517	True
595	9084	Lerik2-6	0.97614840989399299	True	True	38.7833	48.5517	True
596	9085	Lerik2-7	0.97349823321554774	True	True	38.7833	48.5517	True
597	9089	Nar-3	0.98498233215547704	True	True	38.9522	48.925	True
598	9091	Nar-5	0.96908127208480566	True	True	38.9522	48.925	True
599	9095	Istisu-5	0.98586572438162545	True	True	38.9786	48.5594	True
600	9099	Istisu-9	0.96378091872791516	True	True	38.9786	48.5594	True
601	9100	Lag1-2	0.99204946996466437	True	True	41.8296	46.2831	True
602	9102	Lag1-4	0.99293286219081267	True	True	41.8296	46.2831	True
603	9103	Lag1-5	0.99204946996466437	True	True	41.8296	46.2831	True
604	9104	Lag1-6	0.98498233215547704	True	True	41.8296	46.2831	True
605	9105	Lag1-7	0.97614840989399299	True	True	41.8296	46.2831	True
606	9106	Lag1-8	0.97261484098939932	True	True	41.8296	46.2831	True
607	9111	Lag2-4	0.99381625441696109	True	True	41.8296	46.2831	True
608	9113	Lag2-6	0.9090106007067138	True	True	41.8296	46.2831	True
609	9114	Lag2-7	0.99204946996466437	True	True	41.8296	46.2831	True
610	9115	Lag2-10	0.95936395759717319	True	True	41.8296	46.2831	True
611	9121	Bak-5	0.96731448763250882	True	True	41.7942	43.4767	True
612	9125	Geg-14	0.98939929328621912	True	True	40.1408	44.8203	True
613	9128	Yeg-2	0.98056537102473496	True	True	39.8692	45.3622	True
614	9130	Yeg-4	0.97614840989399299	True	True	39.8692	45.3622	True
615	9131	Yeg-5	0.98674911660777387	True	True	39.8692	45.3622	True
616	9133	Yeg-7	0.98056537102473496	True	True	39.8692	45.3622	True
617	9134	Yeg-8	0.98674911660777387	True	True	39.8692	45.3622	True
618	9298	Edi-1	0.95053003533568903	True	True	55.9681	-3.21833	True
619	9312	Ullapool-8	0.94434628975265023	True	True	57.9	-5.1525	True
620	9314	Gol-2	0.96996466431095407	True	True	57.9672	-3.96722	True
621	9321	Ådal 1	0.99204946996466437	True	True	62.8622	18.336	True
622	9323	Ådal 3	0.99116607773851595	True	True	62.8622	18.336	True
623	9332	Bar 1	0.89045936395759717	True	False	62.8698	18.381	True
624	9336	Bön 1	0.97703180212014129	True	True	62.8794	18.4473	True
625	9339	Böt 1	0.96731448763250882	True	True	57.7133	15.0689	True
626	9343	Dju-1	0.99646643109540634	True	True	57.3089	18.1512	True
627	9352	Död 2	0.99823321554770317	True	True	57.2608	16.3675	True
628	9353	Död 3	0.97614840989399299	True	True	57.2608	16.3675	True
629	9363	EdJ 2	0.93286219081272082	True	True	62.9147	18.4045	True
630	9369	EkS 2	0.95759717314487636	True	True	57.6781	14.9986	True
631	9370	EkS 3	0.99204946996466437	True	True	57.6781	14.9986	True
632	9371	FäL 1	0.99381625441696109	True	True	63.016	18.3175	True
633	9380	FlyA 3	0.97791519434628971	True	True	55.7488	13.3742	True
634	9381	Fri 1	0.98409893992932862	True	True	55.8106	14.2091	True
635	9382	Fri 2	0.99293286219081267	True	True	55.8106	14.2091	True
636	9383	Fri 3	0.93904593639575973	True	True	55.8106	14.2091	True
637	9386	Grön 12	0.99381625441696109	True	True	62.806	18.1896	True
638	9388	Grön 14	0.9832155477031802	True	True	62.806	18.1896	True
639	9390	Hadd-1	0.9885159010600707	True	True	57.3263	15.8979	True
640	9391	Hadd-2	0.99204946996466437	True	True	57.3263	15.8979	True
641	9392	Hadd-3	0.98144876325088337	True	True	57.3263	15.8979	True
642	9394	Hag-2	0.9946996466431095	True	True	56.5804	16.4063	True
643	9395	Hal-1	0.91166077738515905	True	True	57.5089	15.0105	True
644	9399	Hamm-1	0.91784452296819785	True	True	55.4234	13.9905	True
645	9402	Hel-3	0.9946996466431095	True	True	57.8765	14.8549	True
646	9404	HolA-1 1	0.98498233215547704	True	True	55.7491	13.399	True
647	9405	HolA-1 2	0.98144876325088337	True	True	55.7491	13.399	True
648	9407	HolA-2 2	0.95759717314487636	True	True	55.7491	13.399	True
649	9408	Kal 1	0.98056537102473496	True	True	56.047	13.9519	True
650	9409	Kia 1	0.96113074204946991	True	True	56.0573	14.302	True
651	9412	Kor 3	0.9832155477031802	True	True	57.2746	16.1494	True
652	9413	Kor 4	0.98763250883392228	True	True	57.2746	16.1494	True
653	9416	Kru-3	0.99646643109540634	True	True	57.7215	18.3837	True
654	9421	Lan 1	0.9946996466431095	True	True	55.9745	14.3997	True
655	9427	Näs 2	0.98763250883392228	True	True	62.8815	18.4055	True
656	9433	Nyl 13	0.9946996466431095	True	True	62.9513	18.2763	True
657	9436	Puk-1	0.98586572438162545	True	True	56.1633	14.6806	True
658	9437	Puk-2	0.99734982332155475	True	True	56.1633	14.6806	True
659	9442	Sim-1	0.99204946996466437	True	True	55.5678	14.3398	True
660	9450	Spro 1	0.9204946996466431	True	True	57.2545	18.2109	True
661	9451	Spro 2	0.88692579505300351	True	False	57.2545	18.2109	True
662	9452	Spro 3	0.9832155477031802	True	True	57.2545	18.2109	True
663	9453	Stenk-2	0.98939929328621912	True	True	57.8009	18.5162	True
664	9454	Stenk-3	0.9832155477031802	True	True	57.8009	18.5162	True
665	9455	Stenk-4	0.9946996466431095	True	True	57.8009	18.5162	True
666	9470	Tur-4	0.99204946996466437	True	True	57.6511	14.8043	True
667	9471	Ull-A-1	0.99204946996466437	True	True	56.0648	13.9707	True
668	9476	VårA 1	0.98233215547703179	True	True	55.5796	14.3336	True
669	9481	Yst-1	0.9885159010600707	True	True	55.4242	13.8484	True
670	9503	11C1	0.97968197879858654	True	True	55.8877	-3.21072	True
671	9506	IP-Alo-0	0.99116607773851595	True	True	40.10969	-7.476146	True
672	9507	IP-Coa-0	0.81713780918727918	True	False	38.45	-7.5	True
673	9508	IP-Mos-1	0.97349823321554774	True	True	40.04	-7.11	True
674	9509	IP-Reg-0	0.93551236749116606	True	True	39.29	-7.4	True
675	9510	IP-Rei-0	0.95936395759717319	True	True	38.75	-7.59	True
676	9511	IP-Vav-0	0.98233215547703179	True	True	38.53	-8.02	True
677	9512	IP-Vid-1	0.98056537102473496	True	True	38.22	-7.84	True
678	9513	IP-Adc-5	0.96289752650176674	True	True	38.77	-4.07	True
679	9514	IP-Adm-0	0.98144876325088337	True	True	39.15	-4.54	True
680	9515	IP-Ala-0	0.97438162544169615	True	True	39.72	-6.89	True
681	9517	IP-All-0	0.94611307420494695	True	True	42.19	-7.8	True
682	9518	IP-Alm-0	0.9885159010600707	True	True	39.88	-0.36	True
683	9519	IP-Ang-0	0.98056537102473496	True	True	41.94	2.64	True
684	9520	IP-Ara-4	0.98763250883392228	True	True	41.7	-3.68	True
685	9521	IP-Bar-1	0.98056537102473496	True	True	41.43	2.13	True
686	9522	IP-Bea-0	0.96643109540636041	True	True	36.52	-5.27	True
687	9523	IP-Ben-0	0.98498233215547704	True	True	38.37	-2.66	True
688	9524	IP-Ber-0	0.97968197879858654	True	True	42.52	-0.56	True
689	9525	IP-Bis-0	0.96731448763250882	True	True	42.49	0.54	True
690	9526	IP-Cab-3	0.98674911660777387	True	True	41.54	2.39	True
691	9527	IP-Cad-0	0.94257950530035339	True	True	40.37	-5.74	True
692	9528	IP-Cal-0	0.95848056537102477	True	True	40.94	-1.37	True
693	9529	IP-Cap-1	0.98409893992932862	True	True	36.97	-3.36	True
694	9530	IP-Car-1	0.95848056537102477	True	True	38.25	-4.32	True
695	9531	IP-Cdc-3	0.96554770318021199	True	True	41.21	-4.54	True
696	9532	IP-Cdo-0	0.97968197879858654	True	True	42.23	-4.64	True
697	9533	IP-Cem-0	0.97438162544169615	True	True	41.15	-4.32	True
698	9534	IP-Cmo-3	0.97703180212014129	True	True	40.05	-4.65	True
699	9535	IP-Coc-1	0.97349823321554774	True	True	42.31	3.19	True
700	9536	IP-Cor-0	0.97703180212014129	True	True	40.83	-2	True
701	9537	IP-Cum-1	0.98056537102473496	True	True	38.07	-6.66	True
702	9539	IP-Deh-1	0.97084805653710249	True	True	40.29	-6.67	True
703	9540	IP-Elb-0	0.98586572438162545	True	True	41.81	2.34	True
704	9541	IP-Fue-2	0.97968197879858654	True	True	38.26	-5.42	True
705	9542	IP-Fun-0	0.96643109540636041	True	True	40.79	-4.05	True
706	9543	IP-Gra-0	0.98498233215547704	True	True	36.77	-5.39	True
707	9544	IP-Gua-1	0.98409893992932862	True	True	39.4	-5.33	True
708	9545	IP-Her-12	0.96996466431095407	True	True	39.3948	-5.782793	True
709	9546	IP-Hom-4	0.95583038869257952	True	True	40.8168	-1.68601	True
710	9547	IP-Hor-0	0.96643109540636041	True	True	41.67	2.62	True
711	9548	IP-Hoy-0	0.98939929328621912	True	True	40.4	-5	True
712	9549	IP-Hum-2	0.97526501766784457	True	True	42.22718	-3.688887	True
713	9550	IP-Iso-4	0.98233215547703179	True	True	43.05	-5.37	True
714	9551	IP-Jim-1	0.9717314487632509	True	True	42.28	-5.92	True
715	9552	IP-Lab-7	0.97879858657243812	True	True	40.87	-4.5	True
716	9553	IP-Ldd-0	0.96201413427561833	True	True	41.57614	-4.70746	True
717	9554	IP-Lso-0	0.95759717314487636	True	True	38.86	-3.16	True
718	9555	IP-Mar-1	0.95406360424028269	True	True	39.58133	-3.931648	True
719	9556	IP-Men-2	0.97349823321554774	True	True	39.66	-4.34	True
720	9557	IP-Moa-0	0.9717314487632509	True	True	42.46	0.7	True
721	9558	IP-Moc-11	0.97703180212014129	True	True	41.57	-5.64	True
722	9559	IP-Mon-5	0.9717314487632509	True	True	38.06	-4.38	True
723	9560	IP-Mot-0	0.96378091872791516	True	True	38.19	-6.24	True
724	9561	IP-Mun-0	0.9832155477031802	True	True	40.71	-5.04	True
725	9562	IP-Mur-0	0.94964664310954061	True	True	41.67	2	True
726	9564	IP-Nog-17	0.95141342756183744	True	True	40.45	-1.6	True
727	9565	IP-Orb-10	0.97703180212014129	True	True	42.97	-1.23	True
728	9567	IP-Pal-0	0.96289752650176674	True	True	42.34	1.3	True
729	9568	IP-Pan-0	0.97438162544169615	True	True	42.76	-0.23	True
730	9569	IP-Pds-1	0.98233215547703179	True	True	42.87	-6.45	True
731	9571	IP-Pro-0	0.98586572438162545	True	True	43.28	-6.01	True
732	9573	IP-Rds-0	0.98144876325088337	True	True	41.86	2.99	True
733	9574	IP-Rel-0	0.92667844522968201	True	True	38.6	-2.7	True
734	9576	IP-Rev-0	0.97791519434628971	True	True	40.86	-4.11	True
735	9577	IP-Ria-0	0.97968197879858654	True	True	42.34	2.17	True
736	9578	IP-Sac-0	0.97349823321554774	True	True	42.13	-6.7	True
737	9579	IP-San-10	0.98233215547703179	True	True	38.33	-3.51	True
738	9581	IP-Sdv-3	0.98056537102473496	True	True	42.84	-5.12	True
739	9582	IP-Ses-0	0.97261484098939932	True	True	41.48	-1.63	True
740	9583	IP-Sne-0	0.97261484098939932	True	True	37.09	-3.38	True
741	9584	IP-Stp-0	0.96024734982332161	True	True	41.19	-3.58	True
742	9585	IP-Svi-0	0.9832155477031802	True	True	43.4	-7.39	True
743	9586	IP-Tam-0	0.96996466431095407	True	True	41.03	-3.27	True
744	9587	IP-Tdc-0	0.9832155477031802	True	True	41.5	-1.88	True
745	9588	IP-Tol-7	0.9832155477031802	True	True	42.11	0.6	True
746	9589	IP-Tor-1	0.97526501766784457	True	True	41.6	-2.83	True
747	9590	IP-Trs-0	0.97261484098939932	True	True	43.37	-5.49	True
748	9591	IP-Vad-0	0.96819787985865724	True	True	42.86	-3.59	True
749	9592	IP-Vae-2	0.98144876325088337	True	True	42.1	-5.44	True
750	9593	IP-Vaz-0	0.98939929328621912	True	True	42.26	-2.99	True
751	9594	IP-Vdm-0	0.96643109540636041	True	True	42.04	1.01	True
752	9595	IP-Vdt-0	0.96643109540636041	True	True	40.89	-5.5	True
753	9596	IP-Ver-5	0.95671378091872794	True	True	41.95	-7.45	True
754	9597	IP-Vig-1	0.97791519434628971	True	True	42.31	-2.53	True
755	9598	IP-Vim-0	0.94434628975265023	True	True	41.88	-6.51	True
756	9599	IP-Vin-0	0.97968197879858654	True	True	42.8	-5.77	True
757	9600	IP-Vis-0	0.97084805653710249	True	True	39.85	-6.04	True
758	9601	IP-Voz-0	0.97438162544169615	True	True	41.85	-1.88	True
759	9602	IP-Vpa-1	0.97084805653710249	True	True	40.5	-3.96	True
760	9606	Aitba-1	0.89134275618374559	True	False	31.48	-7.45	True
761	9607	Panik-1	0.89929328621908122	True	False	53.05	52.15	True
762	9608	Karag-2	0.87014134275618371	True	False	51.37	59.44	True
763	9609	Adam-1	0.95229681978798586	True	True	51.41	59.98	True
764	9610	Lesno-4	0.97968197879858654	True	True	53.04	51.96	True
765	9611	Lesno-1	0.97791519434628971	True	True	53.04	51.9	True
766	9612	Lesno-2	0.96113074204946991	True	True	53.04	51.94	True
767	9613	Balan-1	0.95671378091872794	True	True	55.36	61.41	True
768	9615	Parti-1	0.95583038869257952	True	True	52.99	52.16	True
769	9616	Krazo-1	0.98674911660777387	True	True	53.06	51.96	True
770	9617	Karag-1	0.94787985865724378	True	True	51.37	59.44	True
771	9619	Basta-1	0.96819787985865724	True	True	51.84	79.48	True
772	9620	Basta-2	0.96289752650176674	True	True	51.82	79.48	True
773	9621	Basta-3	0.97614840989399299	True	True	51.84	79.46	True
774	9622	Bijisk-4	0.97261484098939932	True	True	52.52	85.27	True
775	9624	Chaba-2	0.87544169611307421	True	False	53.6	79.37	True
776	9625	Kolyv-2	0.98144876325088337	True	True	51.31	82.59	True
777	9626	Kolyv-3	0.95406360424028269	True	True	51.36	82.59	True
778	9627	Kolyv-5	0.91607773851590102	True	True	51.32	82.55	True
779	9628	Kolyv-6	0.87544169611307421	True	False	51.33	82.54	True
780	9629	K-oze-1	0.96554770318021199	True	True	51.35	82.18	True
781	9630	K-oze-3	0.95053003533568903	True	True	51.34	82.16	True
782	9631	Lebja-1	0.96731448763250882	True	True	51.65	80.79	True
783	9632	Lebja-2	0.94522968197879864	True	True	51.67	80.82	True
784	9633	Lebja-4	0.88250883392226154	True	False	51.63	80.83	True
785	9634	Masl-1	0.91961130742049468	True	True	54.13	81.31	True
786	9635	Nosov-1	0.94081272084805656	True	True	51.87	80.6	True
787	9636	Noveg-1	0.98674911660777387	True	True	51.75	80.82	True
788	9637	Noveg-2	0.95759717314487636	True	True	51.77	80.85	True
789	9638	Noveg-3	0.94257950530035339	True	True	51.73	80.86	True
790	9639	Panke-1	0.96996466431095407	True	True	53.82	80.31	True
791	9640	Rakit-1	0.97349823321554774	True	True	51.87	80.06	True
792	9641	Rakit-2	0.95583038869257952	True	True	51.9	80.06	True
793	9642	Rakit-3	0.92402826855123676	True	True	51.84	80.06	True
794	9643	Sever-1	0.96643109540636041	True	True	52.1	79.31	True
795	9644	Zupan-1	0.95671378091872794	True	True	45.07	18.72	True
796	9645	Gradi-1	0.94699646643109536	True	True	45.17	18.7	True
797	9646	Aiell-1	0.96643109540636041	True	True	39.126899	16.170188	True
798	9647	Basen-1	0.97879858657243812	True	True	40.37	16.77	True
799	9648	Bisig-1	0.69522968197879864	False	False	39.48	16.28	True
800	9649	Bivio-1	0.95671378091872794	True	True	39.13	16.17	True
801	9651	Filet-1	0.95848056537102477	True	True	40.68	14.87	True
802	9653	Giffo-1	0.96908127208480566	True	True	38.44	16.13	True
803	9655	Marce-1	0.89310954063604242	True	False	38.92	16.47	True
804	9656	Marti-1	0.91961130742049468	True	True	40.64	17.31	True
805	9657	Melic-1	0.96289752650176674	True	True	38.45	16.04	True
806	9658	Nicas-1	0.92402826855123676	True	True	38.97	16.34	True
807	9659	Pigna-1	0.95318021201413428	True	True	41.18	14.18	True
808	9660	Sarno-1	0.97879858657243812	True	True	40.84	14.57	True
809	9661	Cimin-1	0.96643109540636041	True	True	39.58	16.21	True
810	9663	Teano-1	0.97968197879858654	True	True	41.33	14.09	True
811	9664	Mitterberg-1-179	0.95141342756183744	True	True	46.366	11.2832	True
812	9665	Mitterberg-1-180	0.9487632508833922	True	True	46.366	11.2832	True
813	9666	Mitterberg-1-182	0.93639575971731448	True	True	46.366	11.2832	True
814	9667	Mitterberg-1-183	0.93639575971731448	True	True	46.366	11.2832	True
815	9668	Mitterberg-2-184	0.83215547703180215	True	False	46.3668	11.2837	True
816	9669	Mitterberg-2-185	0.96996466431095407	True	True	46.3668	11.2837	True
817	9670	Mitterberg-2-186	0.97349823321554774	True	True	46.3668	11.2837	True
818	9671	Mitterberg-3-187	0.9717314487632509	True	True	46.3668	11.2837	True
819	9672	Mitterberg-3-188	0.96378091872791516	True	True	46.3668	11.2837	True
820	9673	Mitterberg-3-189	0.99381625441696109	True	True	46.3668	11.2837	True
821	9676	Mitterberg-4-192	0.95936395759717319	True	True	46.3718	11.2866	True
822	9677	Mitterberg-4-193	0.93816254416961131	True	True	46.3718	11.2866	True
823	9678	Mitterberg-4-194	0.97703180212014129	True	True	46.3718	11.2866	True
824	9679	Castelfed-1-195	0.96643109540636041	True	True	46.3378	11.2928	True
825	9680	Castelfed-1-196	0.93109540636042398	True	True	46.3378	11.2928	True
826	9681	Castelfed-1-197	0.92756183745583043	True	True	46.3378	11.2928	True
827	9682	Castelfed-1-198	0.94522968197879864	True	True	46.3378	11.2928	True
828	9683	Castelfed-1-199	0.97968197879858654	True	True	46.3378	11.2928	True
829	9684	Castelfed-2-200	0.96908127208480566	True	True	46.3378	11.2928	True
830	9685	Castelfed-2-201	0.98763250883392228	True	True	46.3378	11.2928	True
831	9686	Castelfed-2-202	0.96201413427561833	True	True	46.3378	11.2928	True
832	9687	Castelfed-2-203	0.96113074204946991	True	True	46.3378	11.2928	True
833	9689	Castelfed-3-205	0.98498233215547704	True	True	46.3378	11.2928	True
834	9690	Castelfed-3-206	0.9717314487632509	True	True	46.3378	11.2928	True
835	9691	Castelfed-3-207	0.86130742049469966	True	False	46.3378	11.2928	True
836	9692	Castelfed-3-208	0.98586572438162545	True	True	46.3378	11.2928	True
837	9693	Castelfed-3-209	0.9487632508833922	True	True	46.3378	11.2928	True
838	9694	Castelfed-4-210	0.98498233215547704	True	True	46.3378	11.2928	True
839	9695	Castelfed-4-211	0.97084805653710249	True	True	46.3378	11.2928	True
840	9696	Castelfed-4-214	0.96466431095406358	True	True	46.3378	11.2928	True
841	9697	Dolen-1	0.9717314487632509	True	True	41.62	23.94	True
842	9698	Goced-1	0.95583038869257952	True	True	41.57	23.85	True
843	9699	Kolar-1	0.96908127208480566	True	True	41.37	23.14	True
844	9700	Dolna-1-10	0.98056537102473496	True	True	42.32	23.1	True
845	9701	Ivano-1	0.96466431095406358	True	True	43.7	25.91	True
846	9703	Melni-1	0.99204946996466437	True	True	41.53	23.39	True
847	9704	Melni-2	0.93904593639575973	True	True	41.53	23.39	True
848	9705	Choto-1	0.99116607773851595	True	True	41.5	23.33	True
849	9706	Dospa-1	0.95494699646643111	True	True	41.64	24.18	True
850	9707	Podvi-1	0.95494699646643111	True	True	41.57	24.84	True
851	9708	Kardz-1	0.98498233215547704	True	True	41.62	25.35	True
852	9709	Zerev-1-34	0.97261484098939932	True	True	41.85	23.13	True
853	9710	Zerev-1-35	0.97614840989399299	True	True	41.85	23.13	True
854	9711	Dolna-1-39	0.98233215547703179	True	True	42.32	23.1	True
855	9712	Dolna-1-40	0.95759717314487636	True	True	42.32	23.1	True
856	9713	Stara-1	0.97349823321554774	True	True	42.49	25.61	True
857	9714	Grivo-1	0.97349823321554774	True	True	41.84	25.75	True
858	9716	Leska-1-44	0.94169611307420498	True	True	41.54	24.98	True
859	9717	Kardz-2	0.96731448763250882	True	True	41.66	25.47	True
860	9718	Smolj-1	0.96378091872791516	True	True	41.55	24.75	True
861	9719	Koren-1	0.93551236749116606	True	True	41.83	25.69	True
862	9720	Malak-1	0.98144876325088337	True	True	41.77	25.68	True
863	9721	Schip-1	0.94081272084805656	True	True	42.72	25.33	True
864	9722	Groch-1	0.98939929328621912	True	True	41.71	24.41	True
865	9723	Slavi-2	0.93286219081272082	True	True	41.42	23.67	True
866	9725	Epidauros-1	0.83922261484098937	True	False	37.6	23.08	True
867	9726	Faneronemi-3	0.93992932862190814	True	True	37.07	22.04	True
868	9727	Olympia-2	0.96554770318021199	True	True	37.63	21.62	True
869	9728	Stiav-1	0.94169611307420498	True	True	48.46	18.9	True
870	9729	Stiav-2	0.98498233215547704	True	True	48.46	18.9	True
871	9730	Bela-1	0.97791519434628971	True	True	48.47	18.94	True
872	9731	Stiav-3	0.9832155477031802	True	True	48.46	18.9	True
873	9732	Halca-1	0.99028268551236753	True	True	48.47	18.96	True
874	9733	Bela-2	0.96289752650176674	True	True	48.47	18.94	True
875	9735	Bela-4	0.98498233215547704	True	True	48.47	18.94	True
876	9736	Teiu-2	0.94787985865724378	True	True	44.69	25.17	True
877	9737	Ulies-1	0.95229681978798586	True	True	45.95	22.62	True
878	9738	Bran-1	0.85600706713780916	True	False	45.57	25.42	True
879	9739	Toc-1	0.91872791519434627	True	True	46.01	22.33	True
880	9741	Orast-1	0.94346289752650181	True	True	45.84	23.16	True
881	9743	Furni-1	0.91696113074204944	True	True	45.14	25	True
882	9744	Iasi-1	0.93992932862190814	True	True	47.16	27.59	True
883	9745	Sij 1/96	0.96554770318021199	True	True	41.45	70.05	True
884	9747	Zabar-1	0.96908127208480566	True	True	44.38	21.22	True
885	9748	Zagub-1	0.88250883392226154	True	False	44.23	21.71	True
886	9749	Knjas-1	0.95053003533568903	True	True	43.54	22.29	True
887	9754	Sredn-1	0.99028268551236753	True	True	44.66	21.37	True
888	9755	Vajug-1	0.98586572438162545	True	True	44.56	22.56	True
889	9756	Staro-2	0.92314487632508835	True	True	44.3	21.08	True
890	9757	Staro-1	0.95848056537102477	True	True	44.3	21.08	True
891	9758	Altai-5	0.93816254416961131	True	True	47.75	88.4	True
892	9759	Anz-0	0.95759717314487636	True	True	37.47	49.47	True
893	9761	Bik-1	0.98586572438162545	True	True	33.92	35.7	True
894	9762	Etna-2	0.89840989399293292	True	False	37.69	14.98	True
895	9764	Qar-8a	0.97879858657243812	True	True	34.1	35.84	True
896	9766	Westkar-4	0.94699646643109536	True	True	42.26	74.16	True
897	9768	Ru4-16	0.99293286219081267	True	True	48.57	9.16	True
898	9769	HE-1	0.9946996466431095	True	True	48.55	8.99	True
899	9770	KBG2-13	0.97791519434628971	True	True	48.53	9.01	True
900	9771	Pfn-N2.2-6	0.98144876325088337	True	True	48.56	9.11	True
901	9772	Hof-1	0.99028268551236753	True	True	48.41	8.85	True
902	9774	Alt-1	0.99028268551236753	True	True	48.59	9.22	True
903	9775	Berg-1	0.95141342756183744	True	True	48.41	8.79	True
904	9776	Fell3-7	0.99558303886925792	True	True	48.43	8.79	True
905	9777	Gn-1	0.99558303886925792	True	True	48.57	9.17	True
906	9778	Bach-7	0.99293286219081267	True	True	48.41	8.84	True
907	9779	Bai-10	0.99646643109540634	True	True	48.5	8.78	True
908	9780	Fell2-4	0.98144876325088337	True	True	48.43	8.79	True
909	9781	Kus2-2	0.97349823321554774	True	True	48.52	9.11	True
910	9782	Lu3-30	0.99028268551236753	True	True	48.53	9.09	True
911	9783	Tu-PK-7	0.99116607773851595	True	True	48.52	9.05	True
912	9784	Erg2-6	0.99028268551236753	True	True	48.5	8.8	True
913	9785	Ha-HBT1-2	0.99293286219081267	True	True	48.54	9.02	True
914	9786	Ha-P-13	0.99116607773851595	True	True	48.54	9.01	True
915	9787	HI-4	0.98233215547703179	True	True	48.5	9	True
916	9788	KBG1-14	0.97791519434628971	True	True	48.53	9.01	True
917	9789	Obh-13	0.99204946996466437	True	True	48.39	8.96	True
918	9790	Gn2-3	0.9885159010600707	True	True	48.58	9.18	True
919	9791	Haes-1	0.99116607773851595	True	True	48.6	9.2	True
920	9792	Lu4-2	0.98498233215547704	True	True	48.54	9.09	True
921	9793	Ru-N2	0.98586572438162545	True	True	48.57	9.16	True
922	9794	Tu-B1-2	0.98586572438162545	True	True	48.52	9.08	True
923	9795	Wank-2	0.96996466431095407	True	True	48.5	9.11	True
924	9796	Bach2-1	0.99381625441696109	True	True	48.41	8.84	True
925	9797	Ha-HBT2-10	0.99204946996466437	True	True	48.54	9.02	True
926	9798	Ha-P2-1	0.99646643109540634	True	True	48.54	9.01	True
927	9799	Hart-2	0.99116607773851595	True	True	48.39	8.85	True
928	9800	Ha-S-B	0.99204946996466437	True	True	48.54	9.01	True
929	9801	Ha-SP-2	0.9832155477031802	True	True	48.54	9.01	True
930	9802	Kus3-1	0.99028268551236753	True	True	48.51	9.11	True
931	9803	Muh-2	0.98939929328621912	True	True	48.42	8.76	True
932	9804	Obe1-15	0.99028268551236753	True	True	48.45	8.87	True
933	9805	Pfn-10	0.99381625441696109	True	True	48.54	9.09	True
934	9806	Ru-2	0.99116607773851595	True	True	48.56	9.16	True
935	9807	Schl-7	0.99028268551236753	True	True	48.6	9.22	True
936	9808	Tu-B2-3	0.98674911660777387	True	True	48.52	9.08	True
937	9809	Tu-KB-6	0.98144876325088337	True	True	48.52	9.05	True
938	9810	Tu-KS-7	0.96113074204946991	True	True	48.53	9.07	True
939	9811	Tu-NK-12	0.89399293286219084	True	False	48.52	9.05	True
940	9812	Tu-W1	0.86484098939929333	True	False	48.52	9.03	True
941	9813	BI-4	0.94081272084805656	True	True	48.4	8.77	True
942	9814	Fell1-10	0.92756183745583043	True	True	48.42	8.79	True
943	9815	Ha-HBT3-11	0.96378091872791516	True	True	48.54	9.02	True
944	9816	Tu-WH	0.88427561837455826	True	False	48.55	9.06	True
945	9817	IP-Ace-0	0.95318021201413428	True	True	39.84	-6.6	True
946	9819	IP-Amu-0	0.94522968197879864	True	True	42.35	-3.03	True
947	9820	IP-Are-0	0.95583038869257952	True	True	41	-4.71	True
948	9821	IP-Aru-0	0.98498233215547704	True	True	41.81	2.49	True
949	9822	IP-Aul-0	0.96289752650176674	True	True	40.52	-4.02	True
950	9823	IP-Bae-0	0.92844522968197885	True	True	43.34	-5.84	True
951	9824	IP-Bes-5	0.91077738515901063	True	True	42.91	-4.91	True
952	9825	IP-Boa-0	0.97084805653710249	True	True	40.4	-3.88	True
953	9826	IP-Bor-0	0.96113074204946991	True	True	42.49	-6.71	True
954	9827	IP-Bos-0	0.97614840989399299	True	True	42.78	0.69	True
955	9828	IP-Bra-0	0.96908127208480566	True	True	42.5	-6.15	True
956	9830	IP-Bus-0	0.96024734982332161	True	True	36.97	-3.28	True
957	9831	IP-Cas-0	0.96024734982332161	True	True	38.53408	-3.39072	True
958	9832	IP-Cat-0	0.96554770318021199	True	True	40.54208	-3.68695	True
959	9833	IP-Cha-0	0.97438162544169615	True	True	40.38	-4.21	True
960	9834	IP-Cho-0	0.96201413427561833	True	True	40.51	-3.9	True
961	9835	IP-Cir-0	0.98144876325088337	True	True	40.61	-6.57	True
962	9836	IP-Cod-0	0.94964664310954061	True	True	41.25	-1.32	True
963	9837	IP-Con-0	0.96996466431095407	True	True	37.94	-5.6	True
964	9838	IP-Cot-0	0.96289752650176674	True	True	41.83	-5.38	True
965	9839	IP-Coy-0	0.95406360424028269	True	True	40.44	-4.27	True
966	9840	IP-Dar-0	0.97084805653710249	True	True	41.13	-1.43	True
967	9841	IP-Ees-0	0.98233215547703179	True	True	40.59	-4.15	True
968	9843	IP-Elp-0	0.96201413427561833	True	True	40.53	-3.92	True
969	9844	IP-Esn-2	0.9090106007067138	True	True	42.27	0.19	True
970	9845	IP-Evs-0	0.97261484098939932	True	True	40.47918	-3.959696	True
971	9846	IP-Ezc-2	0.96996466431095407	True	True	42.31	-3.02	True
972	9847	IP-Fel-2	0.96113074204946991	True	True	43.31	-5.7	True
973	9848	IP-Glo-1	0.97791519434628971	True	True	40.11	-5.77	True
974	9849	IP-Gud-3	0.96908127208480566	True	True	40.65	-4.11	True
975	9850	IP-Hec-0	0.95848056537102477	True	True	42.86	-0.7	True
976	9851	IP-Hue-3	0.96289752650176674	True	True	42.96	-6.1	True
977	9852	IP-Ini-0	0.94964664310954061	True	True	40.46	-3.75	True
978	9853	IP-Lac-0	0.96996466431095407	True	True	43.33	-5.91	True
979	9854	IP-Laf-1	0.97084805653710249	True	True	43.36	-5.88	True
980	9855	IP-Lam-0	0.96996466431095407	True	True	40.57	-3.89	True
981	9856	IP-Lch-0	0.87455830388692579	True	False	40.51	-4	True
982	9857	IP-Leg-0	0.79240282685512364	False	False	40.33	-3.8	True
983	9858	IP-Loz-0	0.82597173144876324	True	False	40.98	-3.8	True
984	9859	IP-Lro-0	0.79593639575971731	False	False	40.5	-3.88	True
985	9860	IP-Lum-0	0.83038869257950532	True	False	42.24	-2.62	True
986	9861	IP-Mac-0	0.8127208480565371	True	False	40.72	-3.21	True
987	9862	IP-Mad-0	0.73056537102473496	False	False	40.45	-3.67	True
988	9864	IP-Mat-0	0.91431095406360419	True	True	41.76	2.69	True
989	9866	IP-Mdd-0	0.93551236749116606	True	True	41.89	-2.79	True
990	9867	IP-Mie-1	0.95848056537102477	True	True	40.94151	-3.218865	True
991	9868	IP-Moe-0	0.9717314487632509	True	True	41.78	2.37	True
992	9869	IP-Moj-0	0.93462897526501765	True	True	36.76	-5.28	True
993	9870	IP-Moz-0	0.97968197879858654	True	True	41.91	0.17	True
994	9871	IP-Nac-0	0.97791519434628971	True	True	40.75	-3.99	True
995	9873	IP-Ndc-0	0.97349823321554774	True	True	37.94	-5.45	True
996	9874	IP-Oja-0	0.97791519434628971	True	True	42.34	-3	True
997	9875	IP-Ovi-1	0.96466431095406358	True	True	43.38	-5.87	True
998	9876	IP-Pad-0	0.96996466431095407	True	True	41.34	0.99	True
999	9877	IP-Pdl-0	0.94787985865724378	True	True	43.02	-5.6	True
1000	9878	IP-Pee-0	0.97968197879858654	True	True	40.78	-3.62	True
1001	9879	IP-Per-0	0.98056537102473496	True	True	37.6	-1.12	True
1002	9880	IP-Pib-1	0.96554770318021199	True	True	42.72	-3.44	True
1003	9881	IP-Pie-0	0.96554770318021199	True	True	40.46	-5.32	True
1004	9882	IP-Pil-0	0.95406360424028269	True	True	40.46	-4.26	True
1005	9883	IP-Piq-0	0.93992932862190814	True	True	42.1	-2.56	True
1006	9885	IP-Prd-0	0.95671378091872794	True	True	41.14	-3.68	True
1007	9886	IP-Pru-0	0.96201413427561833	True	True	42.38	1.73	True
1008	9887	IP-Pun-0	0.97349823321554774	True	True	40.4	-4.77	True
1009	9888	IP-Pva-1	0.9487632508833922	True	True	40.93	-3.31	True
1010	9890	IP-Rib-1	0.95494699646643111	True	True	43.16	-5.07	True
1011	9891	IP-Sal-0	0.98939929328621912	True	True	41.93	2.92	True
1012	9892	IP-Sam-0	0.93992932862190814	True	True	42.68	-6.96	True
1013	9894	IP-Sen-0	0.95494699646643111	True	True	42.59	0.76	True
1014	9895	IP-Sfb-6	0.89045936395759717	True	False	41.78	2.57	True
1015	9897	IP-Smt-1	0.95848056537102477	True	True	40.95	-5.63	True
1016	9898	IP-Som-0	0.98586572438162545	True	True	41.14	-3.58	True
1017	9899	IP-Tau-0	0.94434628975265023	True	True	42.54	0.84	True
1018	9900	IP-Tri-0	0.97879858657243812	True	True	37.38	-6.01	True
1019	9901	IP-Urd-1	0.98586572438162545	True	True	42.27	-2.98	True
1020	9902	IP-Usa-0	0.88604240282685509	True	False	40.71	-3.24	True
1021	9903	IP-Val-0	0.94169611307420498	True	True	42.31	-3.1	True
1022	9904	IP-Vas-0	0.97438162544169615	True	True	40.95	-3.31	True
1023	9905	IP-Ven-0	0.88427561837455826	True	False	40.76	-4.01	True
1024	9906	IP-Mah-6	0.97791519434628971	True	True	40	4.25	True
1025	9908	ESP-1-11	0.96113074204946991	True	True	50.72	3.47	True
1026	9909	GEN-8	0.8012367491166078	True	False	50.59	3.3	True
1027	9910	BRI-2	0.94611307420494695	True	True	50.68	3.52	True
1028	9911	ARGE-1-15	0.98939929328621912	True	True	47.16	4.28	True
1029	9912	CIRY-13	0.90017667844522964	True	True	46.67	4.55	True
1030	9914	IST-29	0.89929328621908122	True	False	47.58	5.33	True
1031	9915	Mar-4-16	0.97261484098939932	True	True	47.45	3.94	True
1032	9917	RAD-21	0.98233215547703179	True	True	46.69	4.34	True
1033	9918	SAUL-24	0.95494699646643111	True	True	47.43	5.21	True
1034	9920	DIR-9	0.96466431095406358	True	True	48.54	4.32	True
1035	9921	FOR-23	0.96554770318021199	True	True	48.57	4.41	True
1036	9924	PLY-20	0.97349823321554774	True	True	48.59	4.24	True
1037	9925	RUM-20	0.94434628975265023	True	True	48.91	4.52	True
1038	9926	TRE-1	0.82067137809187274	True	False	48.86	4.1	True
1039	9927	ARR-17	0.95053003533568903	True	True	44.05	3.69	True
1040	9928	BEZ-9	0.9151943462897526	True	True	44.12	3.77	True
1041	9929	ISS-20	0.98056537102473496	True	True	43.92	3.71	True
1042	9930	LEC-25	0.91961130742049468	True	True	43.91	4.14	True
1043	9932	NOZ-6	0.90724381625441697	True	True	44.12	4.33	True
1044	9933	VED-10	0.98763250883392228	True	True	43.74	3.89	True
1045	9935	BAU-15	0.96554770318021199	True	True	50.6	2.93	True
1046	9937	CATS-6	0.98939929328621912	True	True	50.79	2.69	True
1047	9938	WAV-8	0.95583038869257952	True	True	50.65	2.99	True
1048	9939	Aitba-2	0.88692579505300351	True	False	31.48	-7.45	True
1049	9941	Fei-0	0.66696113074204944	False	False	40.92	-8.54	True
1050	9942	Agu-1	0.89045936395759717	True	False	41.32	-1.34	True
1051	9943	Cdm-0	0.9372791519434629	True	True	39.73	-5.74	True
1052	9944	Don-0	0.84452296819787986	True	False	36.83	-6.36	True
1053	9945	Leo-1	0.6704946996466431	False	False	41.8	-3.11	True
1054	9946	Mer-6	0.80477031802120136	True	False	38.92	-6.34	True
1055	9947	Ped-0	0.83922261484098937	True	False	40.74	-3.9	True
1056	9948	Pra-6	0.91077738515901063	True	True	41.05	-3.54	True
1057	9949	Qui-0	0.7553003533568905	False	False	42.69	-6.93	True
1058	9950	Vie-0	0.90017667844522964	True	True	42.63	0.76	True
1059	9951	Kly-1	0.75176678445229683	False	False	51.3333	82.5667	True
1060	9952	Kly-4	0.77031802120141346	False	False	51.32	82.55	True
1061	9953	Koz-2	0.93374558303886923	True	True	51.33	82.19	True
1062	9955	Stepn-2	0.7667844522968198	False	False	54.09	60.46	True
1063	9956	Stepn-1	0.90812720848056538	True	True	54.06	60.48	True
1064	9957	Borsk-2	0.74028268551236753	False	False	53.04	51.75	True
1065	9958	Shigu-1	0.94434628975265023	True	True	53.33	49.48	True
1066	9959	Shigu-2	0.7614840989399293	False	False	53.33	49.48	True
1067	9960	Kidr-1	0.77738515901060068	False	False	51.31	57.56	True
1068	9962	Galdo-1	0.74381625441696109	False	False	40.57	15.32	True
1069	9963	Lago-1	0.81095406360424027	True	False	39.18	16.26	True
1070	9964	Mammo-1	0.85865724381625441	True	False	38.36	16.23	True
1071	9965	Mammo-2	0.92756183745583043	True	True	38.38	16.22	True
1072	9966	Monte-1	0.79858657243816256	False	False	40.28	15.65	True
1073	9968	Timpo-1	0.76325088339222613	False	False	39.27	16.27	True
1074	9969	Valsi-1	0.68904593639575973	False	False	40.18	16.45	True
1075	9970	Altenb-2	0.51943462897526504	False	False	46.3716	11.2376	True
1076	9971	Bozen-1.1	0.93286219081272082	True	True	46.513	11.331	True
1077	9972	Bozen-1.2	0.75	False	False	46.513	11.331	True
1078	9973	Mitterberg-1-181	0.65459363957597172	False	False	46.366	11.2832	True
1079	9974	Castelfed-4-212	0.67226148409893993	False	False	46.3378	11.2928	True
1080	9975	Castelfed-4-213	0.91872791519434627	True	True	46.3378	11.2928	True
1081	9976	Rovero-1	0.73586572438162545	False	False	46.2543	11.167	True
1082	9978	Vezzano-2.2	0.73674911660777387	False	False	46.6297	10.817	True
1083	9979	Voeran-1	0.91961130742049468	True	True	46.36	11.23	True
1084	9980	Angel-1	0.79593639575971731	False	False	38.62	16.17	True
1085	9981	Angit-1	0.79770318021201414	False	False	38.76	16.24	True
1086	9982	Apost-1	0.92402826855123676	True	True	39.01	16.47	True
1087	9983	Ciste-1	0.80300353356890464	True	False	41.62	12.87	True
1088	9984	Ciste-2	0.74646643109540634	False	False	41.62	12.87	True
1089	9985	Slavi-1	0.73233215547703179	False	False	41.43	23.65	True
1090	9986	Jablo-1	0.74204946996466437	False	False	41.59	25.2	True
1091	9987	Lecho-1	0.78886925795053009	False	False	41.43	23.5	True
1092	9988	Bak-2	0.88869257950530034	True	False	41.7942	43.4767	True
1093	9990	Lag2-2	0.75	False	False	41.8296	46.2831	True
1094	9991	Vash-1	0.90724381625441697	True	True	41.2381	46.3728	True
1095	9993	Nemrut-1	0.86749116607773846	True	False	38.6425	42.2394	True
1096	9995	HKT2.4	0.84275618374558303	True	False	48.14	9.4	True
1097	9996	Nie1-2	0.72084805653710249	False	False	48.52	8.8	True
1098	9997	Rue3-1-31	0.91784452296819785	True	True	48.56	9.16	True
1099	9998	Star-8	0.86307420494699649	True	False	48.43	8.82	True
1100	9999	TueSB30-3	0.90459363957597172	True	True	48.53	9.06	True
1101	10001	TueV-13	0.80565371024734977	True	False	48.52	9.05	True
1102	10002	TueWa1-2	0.92137809187279152	True	True	48.53	9.04	True
1103	10004	Bolin-1	0.75883392226148405	False	False	44.46	25.74	True
1104	10005	Copac-1	0.73674911660777387	False	False	46.11	21.95	True
1105	10006	Kastel-1	0.84363957597173145	True	False	44.6419	34.3814	True
1106	10008	Sij-1	0.74911660777385158	False	False	41.45	70.05	True
1107	10009	Sij-2	0.81360424028268552	True	False	41.45	70.05	True
1108	10010	Sij-4	0.93551236749116606	True	True	41.45	70.05	True
1109	10011	Yeg-1	0.8975265017667845	True	False	39.8692	45.3622	True
1110	10012	Istisu-1	0.6872791519434629	False	False	38.9786	48.5594	True
1111	10013	Lerik1-3	0.69257950530035339	False	False	38.7406	48.6131	True
1112	10014	Xan-1	0.86660777385159016	True	False	38.6536	48.7992	True
1113	10015	Ara-1	0.81890459363957602	True	False	37.29	71.3	True
1114	10017	Petro-1	0.81448763250883394	True	False	44.34	21.46	True
1115	10018	Dobra-1	0.90282685512367489	True	True	44.84	20.16	True
1116	10020	Jl-2	0.95053003533568903	True	True	49.17	16.5	True
1117	10022	Uk-3	0.83568904593639581	True	False	48.0333	7.7667	True
1118	10023	Strand-1	0.98233215547703179	True	True	68.8	15.45	True
1119	10027	Uk-6	0.95936395759717319	True	True	48.02838	7.765567	True
1120	14312	Kos-1	0.99293286219081267	True	True	62.02	34.12	True
1121	14313	Kos-2	0.99028268551236753	True	True	62.02	34.12	True
1122	14314	Radk-1	0.99116607773851595	True	True	61.59	35.11	True
1123	14315	Radk-2	0.99558303886925792	True	True	61.59	35.11	True
1124	14318	Shu-1	0.99558303886925792	True	True	61.94	34.24	True
1125	14319	Shu-2	0.99558303886925792	True	True	61.94	34.24	True
1126	15560	Valm	0.99028268551236753	True	True	61.37	30.96	True
1127	15591	OOE1-1	0.98233215547703179	True	True	48.3315333	14.72665	True
1128	15592	OOE3-1	0.93816254416961131	True	True	48.3314667	14.7158667	True
1129	15593	OOE3-2	0.99646643109540634	True	True	48.3314667	14.7158667	True
1130	18694	Pien	0.9946996466431095	True	True	60.4	32.09	True
1131	18696	Samm	0.99734982332155475	True	True	61.57	30.63	True
1132	19949	OOE2-1	0.99911660777385158	True	True	48.3268333	14.7181667	True
1133	19950	OOE2-2	0.99734982332155475	True	True	48.3268333	14.7181667	True
1134	19951	OOE23	0.99823321554770317	True	True	48.3268333	14.7181667	True
