dimension	stratum	comparison	left_score	right_score	method	n	estimate
primary_context	coding_cds	gpn_vs_plantcad_ref_alt	gpn_ref_alt	plantcad_ref_alt	pearson	2750	0.55416933587419981
primary_context	coding_cds	gpn_vs_plantcad_ref_alt	gpn_ref_alt	plantcad_ref_alt	spearman	2750	0.51711659339075366
primary_context	coding_cds	gpn_vs_plantcad_minor_major	gpn_minor_major	plantcad_minor_major	pearson	2750	0.55422486940082116
primary_context	coding_cds	gpn_vs_plantcad_minor_major	gpn_minor_major	plantcad_minor_major	spearman	2750	0.51705315029293963
primary_context	coding_cds	gpn_ref_alt_vs_phylop	gpn_ref_alt	phylop	pearson	2741	-0.3085797873745933
primary_context	coding_cds	gpn_ref_alt_vs_phylop	gpn_ref_alt	phylop	spearman	2741	-0.27175853709174563
primary_context	coding_cds	gpn_minor_major_vs_phylop	gpn_minor_major	phylop	pearson	2741	-0.30448003190960216
primary_context	coding_cds	gpn_minor_major_vs_phylop	gpn_minor_major	phylop	spearman	2741	-0.26837553160873223
primary_context	coding_cds	plantcad_ref_alt_vs_phylop	plantcad_ref_alt	phylop	pearson	2741	-0.42624848552156519
primary_context	coding_cds	plantcad_ref_alt_vs_phylop	plantcad_ref_alt	phylop	spearman	2741	-0.42911744057485463
primary_context	coding_cds	plantcad_minor_major_vs_phylop	plantcad_minor_major	phylop	pearson	2741	-0.42154339820871889
primary_context	coding_cds	plantcad_minor_major_vs_phylop	plantcad_minor_major	phylop	spearman	2741	-0.42988968651644321
primary_context	exonic_non_cds	gpn_vs_plantcad_ref_alt	gpn_ref_alt	plantcad_ref_alt	pearson	2132	0.72707020544709211
primary_context	exonic_non_cds	gpn_vs_plantcad_ref_alt	gpn_ref_alt	plantcad_ref_alt	spearman	2132	0.72517442085306993
primary_context	exonic_non_cds	gpn_vs_plantcad_minor_major	gpn_minor_major	plantcad_minor_major	pearson	2132	0.72114397595999347
primary_context	exonic_non_cds	gpn_vs_plantcad_minor_major	gpn_minor_major	plantcad_minor_major	spearman	2132	0.72134269429841102
primary_context	exonic_non_cds	gpn_ref_alt_vs_phylop	gpn_ref_alt	phylop	pearson	1855	-0.16837146957096044
primary_context	exonic_non_cds	gpn_ref_alt_vs_phylop	gpn_ref_alt	phylop	spearman	1855	-0.14911028315694849
primary_context	exonic_non_cds	gpn_minor_major_vs_phylop	gpn_minor_major	phylop	pearson	1855	-0.163539024699869
primary_context	exonic_non_cds	gpn_minor_major_vs_phylop	gpn_minor_major	phylop	spearman	1855	-0.13472011635403661
primary_context	exonic_non_cds	plantcad_ref_alt_vs_phylop	plantcad_ref_alt	phylop	pearson	1855	-0.13890134991042696
primary_context	exonic_non_cds	plantcad_ref_alt_vs_phylop	plantcad_ref_alt	phylop	spearman	1855	-0.14403806065343688
primary_context	exonic_non_cds	plantcad_minor_major_vs_phylop	plantcad_minor_major	phylop	pearson	1855	-0.13331232235728893
primary_context	exonic_non_cds	plantcad_minor_major_vs_phylop	plantcad_minor_major	phylop	spearman	1855	-0.12845298707772163
primary_context	intergenic	gpn_vs_plantcad_ref_alt	gpn_ref_alt	plantcad_ref_alt	pearson	3266	0.7031647113430064
primary_context	intergenic	gpn_vs_plantcad_ref_alt	gpn_ref_alt	plantcad_ref_alt	spearman	3266	0.73448345787959313
primary_context	intergenic	gpn_vs_plantcad_minor_major	gpn_minor_major	plantcad_minor_major	pearson	3266	0.70307256609547986
primary_context	intergenic	gpn_vs_plantcad_minor_major	gpn_minor_major	plantcad_minor_major	spearman	3266	0.73487694834420914
primary_context	intergenic	gpn_ref_alt_vs_phylop	gpn_ref_alt	phylop	pearson	3038	-0.12813433691782816
primary_context	intergenic	gpn_ref_alt_vs_phylop	gpn_ref_alt	phylop	spearman	3038	-0.13506197899305758
primary_context	intergenic	gpn_minor_major_vs_phylop	gpn_minor_major	phylop	pearson	3038	-0.12935885801270758
primary_context	intergenic	gpn_minor_major_vs_phylop	gpn_minor_major	phylop	spearman	3038	-0.13782579814426191
primary_context	intergenic	plantcad_ref_alt_vs_phylop	plantcad_ref_alt	phylop	pearson	3038	-0.12788652474865711
primary_context	intergenic	plantcad_ref_alt_vs_phylop	plantcad_ref_alt	phylop	spearman	3038	-0.13667876899593326
primary_context	intergenic	plantcad_minor_major_vs_phylop	plantcad_minor_major	phylop	pearson	3038	-0.12664768328329762
primary_context	intergenic	plantcad_minor_major_vs_phylop	plantcad_minor_major	phylop	spearman	3038	-0.13612385298878227
primary_context	other_genic	gpn_vs_plantcad_ref_alt	gpn_ref_alt	plantcad_ref_alt	pearson	1852	0.68984573709114205
primary_context	other_genic	gpn_vs_plantcad_ref_alt	gpn_ref_alt	plantcad_ref_alt	spearman	1852	0.74025303068709025
primary_context	other_genic	gpn_vs_plantcad_minor_major	gpn_minor_major	plantcad_minor_major	pearson	1852	0.68846134925989977
primary_context	other_genic	gpn_vs_plantcad_minor_major	gpn_minor_major	plantcad_minor_major	spearman	1852	0.73949727695672496
primary_context	other_genic	gpn_ref_alt_vs_phylop	gpn_ref_alt	phylop	pearson	1819	-0.12322565747589134
primary_context	other_genic	gpn_ref_alt_vs_phylop	gpn_ref_alt	phylop	spearman	1819	-0.10232899890618086
primary_context	other_genic	gpn_minor_major_vs_phylop	gpn_minor_major	phylop	pearson	1819	-0.11816371293332624
primary_context	other_genic	gpn_minor_major_vs_phylop	gpn_minor_major	phylop	spearman	1819	-0.098546408889992901
primary_context	other_genic	plantcad_ref_alt_vs_phylop	plantcad_ref_alt	phylop	pearson	1819	-0.12145323265257381
primary_context	other_genic	plantcad_ref_alt_vs_phylop	plantcad_ref_alt	phylop	spearman	1819	-0.10463648783785866
primary_context	other_genic	plantcad_minor_major_vs_phylop	plantcad_minor_major	phylop	pearson	1819	-0.112561799296754
primary_context	other_genic	plantcad_minor_major_vs_phylop	plantcad_minor_major	phylop	spearman	1819	-0.093790610865281399
frequency_class	common	gpn_vs_plantcad_ref_alt	gpn_ref_alt	plantcad_ref_alt	pearson	1230	0.66724713554528881
frequency_class	common	gpn_vs_plantcad_ref_alt	gpn_ref_alt	plantcad_ref_alt	spearman	1230	0.68981253709664414
frequency_class	common	gpn_vs_plantcad_minor_major	gpn_minor_major	plantcad_minor_major	pearson	1230	0.6586872976649627
frequency_class	common	gpn_vs_plantcad_minor_major	gpn_minor_major	plantcad_minor_major	spearman	1230	0.68572097706972168
frequency_class	common	gpn_ref_alt_vs_phylop	gpn_ref_alt	phylop	pearson	1182	-0.13669699678178102
frequency_class	common	gpn_ref_alt_vs_phylop	gpn_ref_alt	phylop	spearman	1182	-0.13744643935862294
frequency_class	common	gpn_minor_major_vs_phylop	gpn_minor_major	phylop	pearson	1182	-0.10420679358175824
frequency_class	common	gpn_minor_major_vs_phylop	gpn_minor_major	phylop	spearman	1182	-0.10747750786932109
frequency_class	common	plantcad_ref_alt_vs_phylop	plantcad_ref_alt	phylop	pearson	1182	-0.19598228213213062
frequency_class	common	plantcad_ref_alt_vs_phylop	plantcad_ref_alt	phylop	spearman	1182	-0.1903095282867357
frequency_class	common	plantcad_minor_major_vs_phylop	plantcad_minor_major	phylop	pearson	1182	-0.14258748189299761
frequency_class	common	plantcad_minor_major_vs_phylop	plantcad_minor_major	phylop	spearman	1182	-0.14557338552777285
frequency_class	low_frequency	gpn_vs_plantcad_ref_alt	gpn_ref_alt	plantcad_ref_alt	pearson	1561	0.64495995466398892
frequency_class	low_frequency	gpn_vs_plantcad_ref_alt	gpn_ref_alt	plantcad_ref_alt	spearman	1561	0.66443194166443664
frequency_class	low_frequency	gpn_vs_plantcad_minor_major	gpn_minor_major	plantcad_minor_major	pearson	1561	0.64265156305178639
frequency_class	low_frequency	gpn_vs_plantcad_minor_major	gpn_minor_major	plantcad_minor_major	spearman	1561	0.66416970942290332
frequency_class	low_frequency	gpn_ref_alt_vs_phylop	gpn_ref_alt	phylop	pearson	1483	-0.22548809403088871
frequency_class	low_frequency	gpn_ref_alt_vs_phylop	gpn_ref_alt	phylop	spearman	1483	-0.18152410212145423
frequency_class	low_frequency	gpn_minor_major_vs_phylop	gpn_minor_major	phylop	pearson	1483	-0.22292676435969794
frequency_class	low_frequency	gpn_minor_major_vs_phylop	gpn_minor_major	phylop	spearman	1483	-0.1751107811249458
frequency_class	low_frequency	plantcad_ref_alt_vs_phylop	plantcad_ref_alt	phylop	pearson	1483	-0.26827105145456231
frequency_class	low_frequency	plantcad_ref_alt_vs_phylop	plantcad_ref_alt	phylop	spearman	1483	-0.22772297939117098
frequency_class	low_frequency	plantcad_minor_major_vs_phylop	plantcad_minor_major	phylop	pearson	1483	-0.26922827721917747
frequency_class	low_frequency	plantcad_minor_major_vs_phylop	plantcad_minor_major	phylop	spearman	1483	-0.22908321324275996
frequency_class	rare	gpn_vs_plantcad_ref_alt	gpn_ref_alt	plantcad_ref_alt	pearson	7209	0.62439877861867477
frequency_class	rare	gpn_vs_plantcad_ref_alt	gpn_ref_alt	plantcad_ref_alt	spearman	7209	0.64174647085734449
frequency_class	rare	gpn_vs_plantcad_minor_major	gpn_minor_major	plantcad_minor_major	pearson	7209	0.62368727265606383
frequency_class	rare	gpn_vs_plantcad_minor_major	gpn_minor_major	plantcad_minor_major	spearman	7209	0.6411211500065902
frequency_class	rare	gpn_ref_alt_vs_phylop	gpn_ref_alt	phylop	pearson	6788	-0.25874915165833712
frequency_class	rare	gpn_ref_alt_vs_phylop	gpn_ref_alt	phylop	spearman	6788	-0.19693096924626022
frequency_class	rare	gpn_minor_major_vs_phylop	gpn_minor_major	phylop	pearson	6788	-0.25967876998850858
frequency_class	rare	gpn_minor_major_vs_phylop	gpn_minor_major	phylop	spearman	6788	-0.19855561142635392
frequency_class	rare	plantcad_ref_alt_vs_phylop	plantcad_ref_alt	phylop	pearson	6788	-0.3640337578824705
frequency_class	rare	plantcad_ref_alt_vs_phylop	plantcad_ref_alt	phylop	spearman	6788	-0.28855870587740595
frequency_class	rare	plantcad_minor_major_vs_phylop	plantcad_minor_major	phylop	pearson	6788	-0.36503534600626591
frequency_class	rare	plantcad_minor_major_vs_phylop	plantcad_minor_major	phylop	spearman	6788	-0.28936272632298227
substitution_class	C>A	gpn_vs_plantcad_ref_alt	gpn_ref_alt	plantcad_ref_alt	pearson	1042	0.60804872299402046
substitution_class	C>A	gpn_vs_plantcad_ref_alt	gpn_ref_alt	plantcad_ref_alt	spearman	1042	0.63059022419188304
substitution_class	C>A	gpn_vs_plantcad_minor_major	gpn_minor_major	plantcad_minor_major	pearson	1042	0.59827937408480059
substitution_class	C>A	gpn_vs_plantcad_minor_major	gpn_minor_major	plantcad_minor_major	spearman	1042	0.62336429121038972
substitution_class	C>A	gpn_ref_alt_vs_phylop	gpn_ref_alt	phylop	pearson	985	-0.26724804859012452
substitution_class	C>A	gpn_ref_alt_vs_phylop	gpn_ref_alt	phylop	spearman	985	-0.24157333057271721
substitution_class	C>A	gpn_minor_major_vs_phylop	gpn_minor_major	phylop	pearson	985	-0.24102018376981654
substitution_class	C>A	gpn_minor_major_vs_phylop	gpn_minor_major	phylop	spearman	985	-0.21465729344078635
substitution_class	C>A	plantcad_ref_alt_vs_phylop	plantcad_ref_alt	phylop	pearson	985	-0.38084768931810498
substitution_class	C>A	plantcad_ref_alt_vs_phylop	plantcad_ref_alt	phylop	spearman	985	-0.32154223120445491
substitution_class	C>A	plantcad_minor_major_vs_phylop	plantcad_minor_major	phylop	pearson	985	-0.36234663160878955
substitution_class	C>A	plantcad_minor_major_vs_phylop	plantcad_minor_major	phylop	spearman	985	-0.29995712429263538
substitution_class	C>G	gpn_vs_plantcad_ref_alt	gpn_ref_alt	plantcad_ref_alt	pearson	781	0.63045415742214328
substitution_class	C>G	gpn_vs_plantcad_ref_alt	gpn_ref_alt	plantcad_ref_alt	spearman	781	0.62529163139011479
substitution_class	C>G	gpn_vs_plantcad_minor_major	gpn_minor_major	plantcad_minor_major	pearson	781	0.62935494778281642
substitution_class	C>G	gpn_vs_plantcad_minor_major	gpn_minor_major	plantcad_minor_major	spearman	781	0.62254916654974291
substitution_class	C>G	gpn_ref_alt_vs_phylop	gpn_ref_alt	phylop	pearson	747	-0.36009164474048178
substitution_class	C>G	gpn_ref_alt_vs_phylop	gpn_ref_alt	phylop	spearman	747	-0.27419147803938193
substitution_class	C>G	gpn_minor_major_vs_phylop	gpn_minor_major	phylop	pearson	747	-0.34600117564646438
substitution_class	C>G	gpn_minor_major_vs_phylop	gpn_minor_major	phylop	spearman	747	-0.25957745088723411
substitution_class	C>G	plantcad_ref_alt_vs_phylop	plantcad_ref_alt	phylop	pearson	747	-0.43592738637688117
substitution_class	C>G	plantcad_ref_alt_vs_phylop	plantcad_ref_alt	phylop	spearman	747	-0.34545849960529174
substitution_class	C>G	plantcad_minor_major_vs_phylop	plantcad_minor_major	phylop	pearson	747	-0.41698697170339943
substitution_class	C>G	plantcad_minor_major_vs_phylop	plantcad_minor_major	phylop	spearman	747	-0.33774950808641818
substitution_class	C>T	gpn_vs_plantcad_ref_alt	gpn_ref_alt	plantcad_ref_alt	pearson	3273	0.66575290009608723
substitution_class	C>T	gpn_vs_plantcad_ref_alt	gpn_ref_alt	plantcad_ref_alt	spearman	3273	0.67619819582496987
substitution_class	C>T	gpn_vs_plantcad_minor_major	gpn_minor_major	plantcad_minor_major	pearson	3273	0.66184103129209026
substitution_class	C>T	gpn_vs_plantcad_minor_major	gpn_minor_major	plantcad_minor_major	spearman	3273	0.67222335805061317
substitution_class	C>T	gpn_ref_alt_vs_phylop	gpn_ref_alt	phylop	pearson	3016	-0.32956848637316843
substitution_class	C>T	gpn_ref_alt_vs_phylop	gpn_ref_alt	phylop	spearman	3016	-0.26572397595124336
substitution_class	C>T	gpn_minor_major_vs_phylop	gpn_minor_major	phylop	pearson	3016	-0.32323240150821031
substitution_class	C>T	gpn_minor_major_vs_phylop	gpn_minor_major	phylop	spearman	3016	-0.25297291071239281
substitution_class	C>T	plantcad_ref_alt_vs_phylop	plantcad_ref_alt	phylop	pearson	3016	-0.42611381238187257
substitution_class	C>T	plantcad_ref_alt_vs_phylop	plantcad_ref_alt	phylop	spearman	3016	-0.35649024289748421
substitution_class	C>T	plantcad_minor_major_vs_phylop	plantcad_minor_major	phylop	pearson	3016	-0.42014377585486751
substitution_class	C>T	plantcad_minor_major_vs_phylop	plantcad_minor_major	phylop	spearman	3016	-0.34532767155315625
substitution_class	T>A	gpn_vs_plantcad_ref_alt	gpn_ref_alt	plantcad_ref_alt	pearson	1541	0.63710398179681615
substitution_class	T>A	gpn_vs_plantcad_ref_alt	gpn_ref_alt	plantcad_ref_alt	spearman	1541	0.6433504523993544
substitution_class	T>A	gpn_vs_plantcad_minor_major	gpn_minor_major	plantcad_minor_major	pearson	1541	0.63511703407007158
substitution_class	T>A	gpn_vs_plantcad_minor_major	gpn_minor_major	plantcad_minor_major	spearman	1541	0.64135223624160276
substitution_class	T>A	gpn_ref_alt_vs_phylop	gpn_ref_alt	phylop	pearson	1488	-0.19794829779188969
substitution_class	T>A	gpn_ref_alt_vs_phylop	gpn_ref_alt	phylop	spearman	1488	-0.15678451969891594
substitution_class	T>A	gpn_minor_major_vs_phylop	gpn_minor_major	phylop	pearson	1488	-0.19230084898227404
substitution_class	T>A	gpn_minor_major_vs_phylop	gpn_minor_major	phylop	spearman	1488	-0.1554951252032391
substitution_class	T>A	plantcad_ref_alt_vs_phylop	plantcad_ref_alt	phylop	pearson	1488	-0.22664991543914245
substitution_class	T>A	plantcad_ref_alt_vs_phylop	plantcad_ref_alt	phylop	spearman	1488	-0.19094127307190276
substitution_class	T>A	plantcad_minor_major_vs_phylop	plantcad_minor_major	phylop	pearson	1488	-0.22038831919246085
substitution_class	T>A	plantcad_minor_major_vs_phylop	plantcad_minor_major	phylop	spearman	1488	-0.18633770021529672
substitution_class	T>C	gpn_vs_plantcad_ref_alt	gpn_ref_alt	plantcad_ref_alt	pearson	2258	0.6111368864749962
substitution_class	T>C	gpn_vs_plantcad_ref_alt	gpn_ref_alt	plantcad_ref_alt	spearman	2258	0.61176192066943202
substitution_class	T>C	gpn_vs_plantcad_minor_major	gpn_minor_major	plantcad_minor_major	pearson	2258	0.61889684315513094
substitution_class	T>C	gpn_vs_plantcad_minor_major	gpn_minor_major	plantcad_minor_major	spearman	2258	0.62312367043862882
substitution_class	T>C	gpn_ref_alt_vs_phylop	gpn_ref_alt	phylop	pearson	2164	-0.17823445740539445
substitution_class	T>C	gpn_ref_alt_vs_phylop	gpn_ref_alt	phylop	spearman	2164	-0.1337626156468506
substitution_class	T>C	gpn_minor_major_vs_phylop	gpn_minor_major	phylop	pearson	2164	-0.18759052554690683
substitution_class	T>C	gpn_minor_major_vs_phylop	gpn_minor_major	phylop	spearman	2164	-0.14342742372322551
substitution_class	T>C	plantcad_ref_alt_vs_phylop	plantcad_ref_alt	phylop	pearson	2164	-0.26295676088572051
substitution_class	T>C	plantcad_ref_alt_vs_phylop	plantcad_ref_alt	phylop	spearman	2164	-0.20087464395687235
substitution_class	T>C	plantcad_minor_major_vs_phylop	plantcad_minor_major	phylop	pearson	2164	-0.27093296081329804
substitution_class	T>C	plantcad_minor_major_vs_phylop	plantcad_minor_major	phylop	spearman	2164	-0.20937447721220989
substitution_class	T>G	gpn_vs_plantcad_ref_alt	gpn_ref_alt	plantcad_ref_alt	pearson	1105	0.53147238645964734
substitution_class	T>G	gpn_vs_plantcad_ref_alt	gpn_ref_alt	plantcad_ref_alt	spearman	1105	0.56585792481337827
substitution_class	T>G	gpn_vs_plantcad_minor_major	gpn_minor_major	plantcad_minor_major	pearson	1105	0.54307799682091673
substitution_class	T>G	gpn_vs_plantcad_minor_major	gpn_minor_major	plantcad_minor_major	spearman	1105	0.58885426868770463
substitution_class	T>G	gpn_ref_alt_vs_phylop	gpn_ref_alt	phylop	pearson	1053	-0.171372541763816
substitution_class	T>G	gpn_ref_alt_vs_phylop	gpn_ref_alt	phylop	spearman	1053	-0.16014893235662189
substitution_class	T>G	gpn_minor_major_vs_phylop	gpn_minor_major	phylop	pearson	1053	-0.18391338031717644
substitution_class	T>G	gpn_minor_major_vs_phylop	gpn_minor_major	phylop	spearman	1053	-0.17851905200463983
substitution_class	T>G	plantcad_ref_alt_vs_phylop	plantcad_ref_alt	phylop	pearson	1053	-0.23807137681496043
substitution_class	T>G	plantcad_ref_alt_vs_phylop	plantcad_ref_alt	phylop	spearman	1053	-0.22908539206618098
substitution_class	T>G	plantcad_minor_major_vs_phylop	plantcad_minor_major	phylop	pearson	1053	-0.24893463185837783
substitution_class	T>G	plantcad_minor_major_vs_phylop	plantcad_minor_major	phylop	spearman	1053	-0.24432521420311451
