selection_class	chrom	pos	ref	alt	filter	n_genotypes	n_missing	n_heterozygous	ac_ref	ac_alt	an	af_alt	mac	maf	allele_call_rate
missing	1	55	C	T	PASS	1135	679	0	910	2	912	0.0021929824561403508	2	0.0021929824561403508	0.4017621145374449
missing	1	56	T	A	PASS	1135	677	0	914	2	916	0.002183406113537118	2	0.002183406113537118	0.4035242290748899
missing	1	63	T	C	PASS	1135	717	0	832	4	836	0.004784688995215311	4	0.004784688995215311	0.3682819383259912
missing	1	73	C	A	PASS	1135	689	0	828	64	892	0.07174887892376682	64	0.07174887892376682	0.39295154185022024
missing	1	75	T	A	PASS	1135	656	0	956	2	958	0.0020876826722338203	2	0.0020876826722338203	0.4220264317180617
rare	1	314	C	T	PASS	1135	102	0	2064	2	2066	0.000968054211035818	2	0.000968054211035818	0.9101321585903084
rare	1	317	C	T	PASS	1135	95	0	2076	4	2080	0.0019230769230769232	4	0.0019230769230769232	0.9162995594713657
rare	1	322	G	A	PASS	1135	109	0	2050	2	2052	0.0009746588693957114	2	0.0009746588693957114	0.9039647577092511
rare	1	323	G	A	PASS	1135	89	0	2086	6	2092	0.0028680688336520078	6	0.0028680688336520078	0.9215859030837005
rare	1	324	G	A	PASS	1135	88	0	2090	4	2094	0.0019102196752626551	4	0.0019102196752626551	0.9224669603524229
common	1	346	C	T	PASS	1135	94	0	1502	580	2082	0.27857829010566765	580	0.27857829010566765	0.9171806167400881
common	1	353	G	A	PASS	1135	86	0	1906	192	2098	0.09151572926596759	192	0.09151572926596759	0.9242290748898678
common	1	363	C	G	PASS	1135	83	0	1958	146	2104	0.06939163498098859	146	0.06939163498098859	0.9268722466960353
common	1	425	C	T	PASS	1135	92	0	1822	264	2086	0.12655800575263662	264	0.12655800575263662	0.918942731277533
common	1	471	T	G	PASS	1135	79	0	1856	256	2112	0.12121212121212122	256	0.12121212121212122	0.9303964757709251
alt_major	1	508	T	C	PASS	1135	88	0	658	1436	2094	0.6857688634192932	658	0.3142311365807068	0.9224669603524229
alt_major	1	6063	T	C	PASS	1135	21	0	668	1560	2228	0.7001795332136446	668	0.2998204667863555	0.9814977973568282
alt_major	1	10360	T	C	PASS	1135	25	0	860	1360	2220	0.6126126126126126	860	0.38738738738738737	0.9779735682819384
alt_major	1	12584	A	C	PASS	1135	38	0	826	1368	2194	0.6235186873290793	826	0.3764813126709207	0.9665198237885463
alt_major	1	19532	C	T	PASS	1135	102	0	810	1256	2066	0.6079380445304937	810	0.3920619554695063	0.9101321585903084
