selection_class	chrom	fasta_chrom	pos	ref	alt	n_genotypes	n_missing	n_heterozygous	ac_ref	ac_alt	an	af_alt	mac	maf	allele_call_rate	gpn_score_ref_alt	minor_allele	major_allele	orientation	flipped	gpn_score_paper_oriented	gpn_score_minor_vs_major	edge_padded
missing	1	NC_003070.9	55	C	T	1135	679	0	910	2	912	0.0021929824561403	2	0.0021929824561403	0.4017621145374449	-1.1988115	T	C	alt_minor	False	-1.1988115	-1.1988115	True
missing	1	NC_003070.9	56	T	A	1135	677	0	914	2	916	0.0021834061135371	2	0.0021834061135371	0.4035242290748899	-1.4174784	A	T	alt_minor	False	-1.4174784	-1.4174784	True
missing	1	NC_003070.9	63	T	C	1135	717	0	832	4	836	0.0047846889952153	4	0.0047846889952153	0.3682819383259912	2.4662642	C	T	alt_minor	False	2.4662642	2.4662642	True
missing	1	NC_003070.9	73	C	A	1135	689	0	828	64	892	0.0717488789237668	64	0.0717488789237668	0.3929515418502202	4.237813	A	C	alt_minor	False	4.237813	4.237813	True
missing	1	NC_003070.9	75	T	A	1135	656	0	956	2	958	0.0020876826722338	2	0.0020876826722338	0.4220264317180617	1.1988492	A	T	alt_minor	False	1.1988492	1.1988492	True
rare	1	NC_003070.9	314	C	T	1135	102	0	2064	2	2066	0.0009680542110358	2	0.0009680542110358	0.9101321585903084	0.6558579	T	C	alt_minor	False	0.6558579	0.6558579	False
rare	1	NC_003070.9	317	C	T	1135	95	0	2076	4	2080	0.0019230769230769	4	0.0019230769230769	0.9162995594713657	0.9096212	T	C	alt_minor	False	0.9096212	0.9096212	False
rare	1	NC_003070.9	322	G	A	1135	109	0	2050	2	2052	0.0009746588693957	2	0.0009746588693957	0.9039647577092512	-0.43049186	A	G	alt_minor	False	-0.43049186	-0.43049186	False
rare	1	NC_003070.9	323	G	A	1135	89	0	2086	6	2092	0.002868068833652	6	0.002868068833652	0.9215859030837004	0.38057515	A	G	alt_minor	False	0.38057515	0.38057515	False
rare	1	NC_003070.9	324	G	A	1135	88	0	2090	4	2094	0.0019102196752626	4	0.0019102196752626	0.9224669603524228	0.5629797	A	G	alt_minor	False	0.5629797	0.5629797	False
common	1	NC_003070.9	346	C	T	1135	94	0	1502	580	2082	0.2785782901056676	580	0.2785782901056676	0.917180616740088	1.0760157	T	C	alt_minor	False	1.0760157	1.0760157	False
common	1	NC_003070.9	353	G	A	1135	86	0	1906	192	2098	0.0915157292659675	192	0.0915157292659675	0.9242290748898678	0.5426017	A	G	alt_minor	False	0.5426017	0.5426017	False
common	1	NC_003070.9	363	C	G	1135	83	0	1958	146	2104	0.0693916349809885	146	0.0693916349809885	0.9268722466960352	-0.047847785	G	C	alt_minor	False	-0.047847785	-0.047847785	False
common	1	NC_003070.9	425	C	T	1135	92	0	1822	264	2086	0.1265580057526366	264	0.1265580057526366	0.918942731277533	0.9758372	T	C	alt_minor	False	0.9758372	0.9758372	False
common	1	NC_003070.9	471	T	G	1135	79	0	1856	256	2112	0.1212121212121212	256	0.1212121212121212	0.9303964757709252	0.36865634	G	T	alt_minor	False	0.36865634	0.36865634	False
alt_major	1	NC_003070.9	508	T	C	1135	88	0	658	1436	2094	0.6857688634192932	658	0.3142311365807068	0.9224669603524228	-0.58962876	T	C	ref_minor	True	0.58962876	0.58962876	False
alt_major	1	NC_003070.9	6063	T	C	1135	21	0	668	1560	2228	0.7001795332136446	668	0.2998204667863555	0.9814977973568282	-1.3444686	T	C	ref_minor	True	1.3444686	1.3444686	False
alt_major	1	NC_003070.9	10360	T	C	1135	25	0	860	1360	2220	0.6126126126126126	860	0.3873873873873873	0.9779735682819384	-0.49400264	T	C	ref_minor	True	0.49400264	0.49400264	False
alt_major	1	NC_003070.9	12584	A	C	1135	38	0	826	1368	2194	0.6235186873290793	826	0.3764813126709207	0.9665198237885464	1.2810814	A	C	ref_minor	True	-1.2810814	-1.2810814	False
alt_major	1	NC_003070.9	19532	C	T	1135	102	0	810	1256	2066	0.6079380445304937	810	0.3920619554695063	0.9101321585903084	-0.53706396	C	T	ref_minor	True	0.53706396	0.53706396	False
