chrom	pos	ref	alt	gpn_score_ref_alt
NC_003070.9	55	C	T	-1.1988115
NC_003070.9	56	T	A	-1.4174784
NC_003070.9	63	T	C	2.4662642
NC_003070.9	73	C	A	4.237813
NC_003070.9	75	T	A	1.1988492
NC_003070.9	314	C	T	0.6558579
NC_003070.9	317	C	T	0.9096212
NC_003070.9	322	G	A	-0.43049186
NC_003070.9	323	G	A	0.38057515
NC_003070.9	324	G	A	0.5629797
NC_003070.9	346	C	T	1.0760157
NC_003070.9	353	G	A	0.5426017
NC_003070.9	363	C	G	-0.047847785
NC_003070.9	425	C	T	0.9758372
NC_003070.9	471	T	G	0.36865634
NC_003070.9	508	T	C	-0.58962876
NC_003070.9	6063	T	C	-1.3444686
NC_003070.9	10360	T	C	-0.49400264
NC_003070.9	12584	A	C	1.2810814
NC_003070.9	19532	C	T	-0.53706396
